1507720,3.3351330000000003,
7215594,2.854547,
7154039,3.467795,
1506234,4.2233350000000005,
7151587,4.436907,
2015669,3.552425,
1517440,3.02491,
1508877,2.377199,
4026498,3.373563,
4021728,2.113055,
4029009,3.851428,
4505800,3.262693,
1504750,3.2392130000000003,
4020750,2.639452,
4508471,3.137848,
2213865,2.979973,
4121363,2.915088,
4028575,2.455839,
2014887,2.510769,
2221663,3.464312,
2234078,4.06955,
7203293,1.815351,
4022345,2.111985,
4029462,3.603418,
2213624,3.826669,
4332494,4.74888,
7052848,3.445124,
7102158,2.359239,
2239150,3.499163,
7220119,1.894035,
7151577,4.570454,
4025788,1.434571,
4073155,3.276777,
2226415,4.184077,
4109988,2.725979,
7221610,1.982146,
2224930,3.397648,
4116372,3.72521,
1513565,3.531188,
4030997,4.635804,
7219318,4.951791,
2205500,1.714873,
4026881,3.517442,
1501913,3.3405220000000004,
7203265,4.653888,
7225353,0.413794,
2101905,4.0719080000000005,
2208414,3.4235360000000004,
7150034,4.124868,
4025552,4.602848,
7151815,0.964325,
4021814,2.887136,
2218183,4.305321999999999,
7217020,2.538273,
2200321,3.753453,
7103002,2.236145,
7208905,1.745683,
2012267,3.622543,
2213958,2.615848,
7155026,3.666658,
7212126,3.706017,
7218766,2.3826720000000003,
7202554,2.779874,
4504253,2.228511,
1513458,3.175872,
7154416,3.042078,
4023177,3.16589,
7053128,4.00747,
2310123,3.3844449999999995,
2211363,1.829592,
4500396,2.004494,
4025361,3.448356,
4031812,3.723754,
2018584,4.848601,
2011698,2.95697,
4029070,2.807694,
4000134,2.42543,
7053222,2.345088,
4021848,2.51685,
2241084,2.364401,
7054721,4.005536,
4021846,3.925599,
7212665,3.600439,
4021663,2.700783,
2203126,4.6853430000000005,
4508439,2.04505,
2011375,4.11279,
4026754,3.337676,
1542951,4.22719,
7102897,1.947133,
1519905,3.536624,
2102798,2.754252,
2227480,1.664688,
1520153,2.491042,
7154724,2.449778,
2010885,3.474968,
1507463,2.310066,
7111201,4.397138,
7218413,3.333452,
2005171,4.802084,
7212663,3.3783760000000003,
7220022,3.812487,
1542891,2.567381,
1513955,1.670002,
1504910,3.761254,
7117457,3.307583,
4024226,4.017657,
2013612,2.83061,
1508608,3.021742,
1511957,3.545692,
4028375,1.982592,
1544224,5.74054,
4020174,2.744406,
2204130,3.1671560000000003,
4023085,2.3509080000000004,
2202678,2.077485,
4026407,3.3674530000000003,
1505114,1.95291,
2210951,2.918604,
4502463,3.961762,
4020281,2.338267,
2222226,3.005428,
2209664,1.968294,
1504948,2.933259,
7215124,1.889103,
7001656,3.218695,
2018306,3.224465,
1502975,1.496204,
7153038,3.237523,
2226071,1.1621400000000002,
2209780,3.754821,
7038911,1.995027,
7154804,3.51526,
7210752,2.622256,
2211174,5.089333000000001,
2006135,3.211415,
7154609,2.0151320000000004,
1505509,2.577476,
7203481,0.947034,
4077787,3.560966,
4117594,4.332093,
2008381,3.022318,
7118331,3.313322,
1515617,2.901633,
2103890,4.35358,
4505816,2.421287,
1543862,4.781876,
2222930,3.885136,
7206488,3.713215,
1512367,2.45546,
7154084,2.923562,
7036058,2.7209710000000005,
4071997,2.173603,
4020603,2.589748,
1507617,4.698892000000001,
4028256,2.308414,
4075640,2.749002,
7154922,3.3754790000000003,
4505682,2.089256,
4020664,3.604717,
2212074,4.344851,
1540482,3.621206,
4325398,2.393773,
7017744,3.32989,
2005354,2.761546,
4107219,3.610828,
1506095,3.712645,
2203109,4.294599,
2200227,2.0403450000000003,
2019898,3.391152,
2008366,2.06784,
7154766,4.135837,
1511805,8.292259,
7208269,2.6536180000000003,
1517925,3.214151,
2221827,4.117341,
2218833,2.672165,
2205224,5.477064,
4024035,4.073456,
7154938,4.127978,
2217771,2.315047,
7216545,3.488902,
7218782,2.761281,
7003676,3.194559,
2006823,1.967824,
4335263,2.7653420000000004,
2228025,3.2459590000000005,
2007015,3.91046,
7152830,3.4175760000000004,
7211302,1.980728,
2007914,2.320336,
7150365,3.90323,
7154908,1.914804,
2226811,3.000309,
4513000,5.073672999999999,
2105586,2.8180000000000005,
4023913,2.575309,
4024218,2.613129,
2201928,2.9484759999999994,
7153163,3.0938420000000004,
2206112,4.035934,
1529280,2.177509,
4086042,2.9540359999999994,
4027840,5.631413,
2208349,3.693484,
7152987,4.095791,
7219929,4.937056,
2013641,5.763167999999999,
2105105,5.127025,
2223455,0.18608,
1501866,1.466849,
4503650,0.096079,
2002075,1.883607,
7217714,1.542943,
1542293,3.432397,
1100661,2.690713,
1543147,2.904573,
7218991,1.715732,
1520185,3.600392,
2004882,3.814245,
7053273,2.4019280000000003,
2236498,2.719627,
1508793,2.476313,
2103891,4.285459,
7153254,4.155594,
4020820,2.873807,
2203943,3.309369,
7103365,5.080557,
4109025,2.688699,
2019482,3.907426,
4023570,1.926714,
7154377,4.697733,
4022041,3.443436,
2201329,5.332135,
2201974,3.310766,
2100385,2.494731,
2002019,2.822302,
7155270,3.014167,
4028709,5.621187,
2011562,4.415555,
4103805,3.472283,
4026401,4.166463,
2238090,3.027408,
4028758,3.495456,
2234403,2.699982,
7212974,3.751451,
1508311,1.2357939999999998,
1502101,3.998979,
2011802,3.82726,
2223751,2.865546,
4028530,2.338666,
4310088,2.18945,
7054439,4.137065,
7053274,2.9778710000000004,
7216972,1.887561,
2201159,3.288324,
2231622,4.42393,
7052198,2.292329,
2230263,2.849893,
2216316,3.526879,
2007854,4.3349910000000005,
4023963,3.076573,
4119011,3.731722,
2239452,2.668824,
4078602,4.10432,
7200699,3.650568,
1519257,2.6736180000000003,
7214795,2.138501,
4025583,3.48017,
2010292,2.322878,
2235980,2.6216030000000003,
7219794,2.462222,
4504006,2.764912,
7034619,2.657591,
2211046,1.772799,
7206859,2.650509,
2235213,3.214873,
7054487,3.248273,
2100671,4.441642,
7153151,2.367529,
1519975,3.952563,
4027838,3.250591,
2230380,3.548383,
2103888,4.304921,
7220202,1.9593830000000003,
7219686,1.094392,
1520162,2.549255,
2014007,4.036169,
4024078,2.4197780000000004,
2011779,4.258791,
2229580,3.275276,
4509974,3.180751,
2102826,2.037089,
1503403,2.62502,
7113087,3.77118,
7212871,4.02195,
7153352,3.535372,
4338983,4.932918000000001,
7152291,4.397814,
2017140,6.322878,
1507843,3.455373,
1514663,2.407814,
1503614,3.601955,
7052830,2.936936,
2017595,2.17032,
1512325,2.224672,
2238741,2.6323130000000003,
1543010,4.186120000000001,
7052009,3.474209,
7151614,2.8668630000000004,
4072652,3.0225150000000003,
4029508,1.807351,
1508923,3.739152,
4027729,1.287216,
7118284,4.244396999999999,
7029718,0.8157109999999999,
4117035,2.947181,
7210539,3.131269,
4030976,2.272352,
4026467,3.637431,
7054717,4.005039,
2017244,2.416677,
7200313,3.755089,
2101959,3.037294,
8101969,3.4476919999999995,
7109153,1.6800320000000002,
1529473,1.379582,
2210061,2.0116620000000003,
2011649,3.786414,
1516763,4.189678,
4509150,1.17077,
2218813,2.21073,
2217760,4.222314,
2007982,1.844713,
4024510,2.620067,
1502962,2.7186760000000003,
4084692,2.102249,
4022460,3.694285,
4108581,3.761541,
1506009,2.3161370000000003,
2215154,3.060794,
7220702,2.6036300000000003,
4501793,3.373742,
1518906,1.810673,
2015376,2.617725,
2010839,2.902973,
7150711,4.528478,
2012082,3.643261,
1518943,3.604125,
2236213,3.119946,
1507257,4.286814000000001,
4114134,3.197673,
4501204,1.929726,
7106604,3.1914940000000005,
1503550,3.608963,
2013013,1.837784,
2222158,1.907847,
4026914,2.276988,
1513752,2.876084,
1507847,2.822881,
2217606,3.3092280000000005,
1503103,2.602856,
4028004,2.229302,
7152620,2.580705,
2219736,4.277013,
7206434,2.89783,
1512588,3.5958650000000003,
2204619,2.718181,
7153607,2.53562,
1514245,3.585942,
7226160,2.7081729999999995,
7107011,3.579276,
2105246,3.712429,
4512707,0.5806100000000001,
2234878,2.578714,
7150719,2.454768,
1506088,2.9992250000000005,
4025238,3.91433,
7201832,3.4872689999999995,
2012509,2.848526,
2004632,4.963221,
1502276,2.511769,
4025877,2.087173,
1501685,5.569997,
7151882,2.937608,
2015894,2.6256440000000003,
4020464,3.620006,
1519569,4.042786,
7225200,2.392023,
4029563,3.600325,
2229083,1.924689,
4504086,4.450541,
2217820,1.6225139999999998,
4029244,3.086434,
4026074,2.703703,
4029824,3.2914960000000004,
2003412,3.479074,
2104165,4.3976310000000005,
2241138,2.296654,
7204769,2.6221370000000004,
4071778,2.603252,
2227127,3.600581,
2015857,3.45622,
4505817,2.246893,
2004605,1.905001,
2213115,4.898973,
7103003,2.337135,
2221709,2.974721,
1508159,3.18739,
2210704,2.725921,
4071183,3.782201,
4027596,2.3202860000000003,
4020314,2.605417,
4072764,2.16933,
7203480,1.621119,
1507393,3.914061,
7200244,2.640655,
2226629,4.34093,
1501963,3.223936,
7153434,4.494825,
7151002,3.839854,
7054723,4.009277,
2230283,1.7517199999999995,
1540378,3.706581,
2006750,2.93959,
4022791,2.167539,
4104523,2.209049,
1529421,4.363128000000001,
7151830,3.203157,
1520189,3.598171,
2233794,2.527563,
7211140,2.232531,
2201557,4.787704000000001,
2201135,1.575581,
4027327,2.433264,
2239532,1.843238,
2227450,2.9037230000000003,
1507172,2.212008,
4113695,3.630355,
2202869,3.210655,
4504544,3.3897600000000003,
2016191,3.028389,
4022704,2.488655,
7117575,3.022718,
7022013,1.474609,
4081966,1.7107690000000002,
1516002,3.874488,
2013148,3.52195,
4069973,2.4578990000000003,
2200618,1.886383,
4026573,3.1779080000000004,
1507517,3.581066,
1502093,3.930969,
4028486,2.67727,
4301580,3.245954,
2225295,3.009716,
1542420,2.782694,
4020382,3.380784,
4021213,3.212507,
2005509,2.013243,
2233150,3.069316,
4061354,1.826686,
8103228,3.0024170000000003,
7152739,2.421415,
7108670,3.414835,
1507816,1.699395,
4025480,2.210826,
2101269,2.407551,
7050147,5.1868490000000005,
2103285,1.324937,
4030962,3.219639,
4023681,2.122406,
2219970,4.979871,
7100618,4.300743,
2103904,4.533697,
2214481,2.240446,
2003728,2.342291,
7208834,3.4171630000000004,
4107020,3.696536,
2213026,2.2949360000000003,
7106099,3.741665,
7152455,3.055126,
7226227,2.214203,
4024030,3.141114,
7151503,2.563507,
1511810,8.109136,
2238620,2.744772,
4504543,3.395937,
4116829,2.48346,
2201433,3.116398,
1540616,2.14878,
4028160,4.173377,
4025699,2.73539,
2011525,1.997618,
4027337,1.765036,
4025857,2.560278,
2015153,3.479503,
1502326,1.662894,
2201569,4.349953,
1506771,1.986214,
4063169,3.2575699999999994,
1518439,5.6482730000000005,
2001650,2.989662,
4078907,3.947913,
2221585,4.08194,
7119153,3.965739,
4066473,2.544096,
4024043,2.79446,
2203815,3.0143210000000003,
4510539,2.765412,
2228621,1.982719,
1517483,2.601894,
1517787,2.758214,
1506277,4.26016,
4507991,3.236728,
7030435,2.731123,
4074843,3.670457,
1508629,2.455729,
7154747,5.342035,
4064236,2.469156,
1512630,2.998732,
4500134,2.9072500000000003,
1519318,1.303173,
2203172,4.369088,
7117379,2.740074,
4512806,3.643751,
2007884,2.553398,
7010761,2.993765,
4112822,3.854757,
1502132,2.736825,
4026769,1.960325,
2208840,2.699717,
2208260,2.479209,
4124725,4.21206,
1520759,4.281038,
4025318,2.870127,
1505610,2.845607,
7117272,2.635344,
2239166,3.018013,
1518436,5.813065,
4316752,3.156712,
7152263,2.200372,
1503591,1.2658009999999995,
1520657,2.783404,
7011928,1.442936,
2215340,2.572213,
7028419,2.535901,
7214416,3.420525,
2221948,3.243268,
4023620,3.723085,
4025135,3.997397,
2206248,2.305444,
4021798,3.770347,
4506395,2.937419,
4000324,1.513456,
2218382,2.421946,
2215598,2.764002,
4103236,4.518268,
1504203,3.220679,
7207715,4.738342000000001,
7106654,2.560957,
1502317,3.225392,
1512132,2.330096,
4022660,3.349752,
7019821,2.741444,
2228413,4.034438,
4029269,3.418111,
4021764,4.512457,
7151942,3.121756,
7153729,3.345904,
4023884,1.48241,
4101867,2.951668,
2214808,2.636468,
2208541,6.968754,
2002929,1.676897,
4025036,2.68009,
2100566,5.055208,
2206720,2.123514,
7215842,2.376418,
2230959,4.438335,
1512335,3.028916,
4082971,2.440122,
2216200,2.749974,
2004081,4.049182,
4022661,3.47084,
2013587,1.260628,
2206177,2.500197,
2215558,1.7766169999999997,
4025886,2.8168010000000003,
7203855,2.7862790000000004,
1516196,3.582187,
4028454,2.6450819999999995,
7117123,1.310148,
4503780,3.280004,
4500319,3.655704,
4027394,2.566505,
2210903,3.940911,
2239897,2.320544,
2100436,4.227258999999999,
2206415,2.670177,
7005968,3.445985,
2201115,2.8248619999999995,
2003051,3.196114,
7220372,3.253075,
2013974,3.2167759999999994,
4065195,2.861074,
2202232,3.577756,
2220267,3.225114,
4027962,3.532973,
2215126,2.202625,
2235657,3.745739,
2215438,4.354537,
4115853,3.526244,
2200666,4.834269,
2104821,4.6643740000000005,
4064611,2.671004,
2000233,3.171088,
4505174,1.780477,
7225379,3.610048,
7225355,2.263664,
7151619,2.9341850000000003,
7115909,4.8736,
2007132,4.679948,
4027065,2.123717,
1503134,2.372643,
7225364,2.17879,
7213760,0.5783259999999999,
2202320,3.205017,
7117512,2.809627,
1513913,1.689825,
7204425,2.852002,
4028302,2.246938,
4331494,3.118965,
7050959,5.440596000000001,
2008534,3.2186439999999994,
2202327,4.528705,
4025913,2.024957,
7151817,3.618949,
7038634,3.464906,
4023779,1.869698,
4507809,3.20133,
4508707,3.1140540000000003,
7106263,5.231998,
2006099,4.866984,
4026907,1.453383,
4504867,2.629521,
2101567,3.437905,
2229510,2.957231,
7212661,3.295486,
4000268,3.704344,
2213841,3.300091,
2221654,1.115304,
1503742,3.137134,
2007892,2.236294,
2204027,2.486883,
4025223,3.434592,
2211920,2.5319730000000003,
1506249,2.244541,
4025265,1.965242,
2234419,4.851323,
7152404,4.534043,
1519553,1.957626,
1513142,5.433045999999999,
2004087,2.905962,
2200100,0.70288,
4021366,2.369313,
2232859,3.113806,
1100992,4.917872,
7053225,3.395891,
2205973,5.3521980000000005,
7220307,2.609387,
4030977,2.48237,
1534110,1.877443,
7204911,5.072382999999999,
2203578,2.79592,
4343391,2.108823,
2000855,3.834687,
4024634,1.926123,
4024926,4.455466,
2227777,3.67595,
7112256,3.660112,
2204784,4.838691000000001,
2104253,2.674511,
7150836,2.401343,
2202362,2.7636680000000005,
2217913,1.5964239999999998,
2013627,3.79091,
2228472,3.2801220000000004,
2105247,3.876907,
4103597,3.234042,
7152793,1.914068,
2212787,4.758424,
1504311,3.646877,
1506785,3.980549,
7033079,1.978188,
2219261,4.086284,
7225612,4.250003,
2006334,5.761375000000001,
2200139,2.793028,
2223983,5.092124,
1505320,2.353077,
7007919,2.40722,
2100167,4.419103,
2000561,3.800266,
7050108,2.412756,
2219119,3.561876,
7153625,2.828046,
2234572,2.834201,
4020834,2.043601,
4509238,3.056011,
1520258,4.774118,
7153259,4.088388,
2211755,3.5069989999999995,
2220269,3.128085,
2219469,2.681321,
1503773,2.300864,
2207033,5.318407,
2015207,3.370641,
2220694,3.09855,
2239748,2.654566,
2002067,3.576011,
2221885,2.9215000000000004,
4117079,2.927176,
4085077,1.954984,
2236768,3.883699,
2206057,2.5726730000000004,
4022555,1.882539,
4102576,3.280672,
4063516,2.5904100000000003,
1519851,3.167314,
4027135,2.635833,
4030670,0.6964950000000001,
7153465,2.123763,
1543807,3.5130200000000005,
4022480,3.611566,
1504038,2.888466,
2234595,1.6421830000000002,
2240908,2.3174650000000003,
2226437,2.554917,
7203856,4.629462,
4119385,4.834627,
2218663,2.223132,
7212865,3.906571,
1504764,3.672114,
2241592,3.872791,
2007772,4.208347,
2018172,4.061492,
2235045,4.542956,
4025410,3.409564,
7208663,6.645293,
2203246,2.6950030000000003,
1505243,1.907366,
2015856,3.428919,
4029229,2.27373,
1515155,3.507994,
4106530,3.49546,
7205283,1.856467,
2241252,3.728899,
2201624,3.306856,
1505524,2.7896659999999995,
1508338,3.293184,
4083084,2.139867,
4022006,1.926148,
4102834,2.984197,
7152454,3.165357,
4506304,2.5540000000000003,
4512786,3.74509,
7150546,3.37132,
2222846,2.9856810000000005,
7000351,3.126375,
4124258,3.330412,
7112220,1.75472,
7051298,2.665479,
2102626,2.572018,
2209286,2.818345,
7219101,5.264818000000001,
4104265,2.6207770000000004,
4026515,2.713561,
1503909,3.986704000000001,
4024049,2.7769640000000004,
4029344,2.634546,
4110685,3.088452,
4023396,2.5420260000000003,
2206486,5.76783,
4509059,2.059353,
2215229,3.515867,
2100437,4.203734000000001,
1503238,2.700639,
2006455,2.54422,
2218515,2.60635,
2230084,2.627818,
2226928,3.039936,
4027231,2.050503,
4022948,4.119594,
2234380,3.218095,
7030359,2.737601,
7200616,3.278365,
4024240,2.901954,
4024247,1.77082,
2005863,2.928539,
1505502,5.002625,
1503931,2.0112430000000003,
4025970,3.017192,
4027444,2.866022,
4063306,2.754741,
2310002,4.962506,
7224824,2.533807,
4029445,2.440126,
1505244,1.798883,
4081633,3.801214,
7215745,4.434197,
2207041,3.613869,
1505896,3.510301,
1502507,1.824139,
7215303,2.941428,
2222080,1.772814,
7150400,3.899632,
4026094,2.824682,
2207220,2.140216,
4021047,3.287347,
1506452,2.487119,
4029430,3.243911,
7153597,2.412349,
7153796,1.868377,
1502916,4.447598,
2201537,2.194416,
7154016,2.388602,
4066106,3.831739,
1504891,3.667569,
2015984,3.764068,
2219876,1.146398,
1505112,1.7454299999999998,
2233171,3.4986299999999995,
2240228,2.4838950000000004,
2238697,2.480403,
4025987,3.636454,
1513395,0.6090730000000002,
7153549,4.309431,
7051203,2.329314,
2227174,1.8342780000000003,
2241123,2.914992,
2211500,2.9956,
4110633,2.909975,
4026508,2.9827639999999995,
1505375,2.297656,
4503975,3.8266,
7101743,2.526802,
1502042,3.3275369999999995,
4070211,2.469185,
7208260,2.867275,
4025316,2.228642,
4024689,3.89548,
2241291,0.458299,
4105249,5.554275,
7200794,1.2639740000000002,
4066499,3.3958759999999995,
2105479,3.563775,
7208902,1.684695,
7214137,3.429468,
4027232,3.230401,
2240062,2.530603,
8100099,2.737625,
2006944,3.626534,
4022679,3.256333,
2233839,2.010939,
1511807,8.535709,
7155129,2.993256,
7155068,2.300506,
7153454,4.06809,
7206494,2.824501,
2010815,2.8111460000000004,
4501703,4.163819,
4025432,3.4893730000000005,
7215125,1.858021,
1502368,2.646033,
4031067,3.155678,
2211378,2.9137699999999995,
1543156,2.717623,
4028684,2.224214,
1504690,2.761741,
4030849,2.9553510000000003,
7153386,2.996749,
4509404,0.696502,
4340659,3.3935770000000005,
4024276,1.732194,
8103191,3.646768,
4064949,2.028417,
2010884,1.357262,
7054445,3.662633,
2013217,2.709214,
7154943,2.929549,
4025898,2.084506,
4030080,3.2245800000000004,
7220305,2.73668,
7105056,2.7833330000000003,
2230716,3.752209,
4507331,2.136,
2014395,3.557891,
4506069,2.897265,
4030092,1.936763,
7153779,2.762257,
2201378,2.159456,
2235556,2.0283870000000004,
2014254,2.945735,
4029893,3.111741,
2236201,3.71709,
7211045,4.574169,
7225352,2.633265,
2224506,3.0379309999999995,
7206638,4.092548,
4026056,4.434863,
2103126,4.321329,
1542954,1.765018,
4030673,3.153717,
2200328,3.432897,
7212211,3.796552,
4329114,3.736079,
2240717,1.7454340000000002,
7114329,3.782867,
2005449,2.762111,
2102695,4.824229,
2004163,3.837336,
2207689,2.850613,
4066089,2.409196,
2105859,4.018139,
4025267,1.813414,
1513489,2.866021,
1508887,3.044575,
2207563,3.45163,
4069690,1.837179,
4101891,2.902273,
2007976,4.277634,
7116895,2.08948,
2234886,3.160906,
4083691,3.582223,
2238470,3.490782,
7150844,1.814803,
2300241,3.615986,
4029898,1.181145,
7154226,3.6786,
7203059,3.527323,
7100462,1.360495,
2220965,3.095206,
2011924,3.048667,
1507178,4.07913,
4023812,2.1486020000000003,
4082482,3.204714,
7101242,4.406849,
1504384,7.279005,
2232065,2.820443,
2213063,2.385325,
4100438,3.435804,
2222637,2.940855,
4027046,3.67464,
2222683,2.18695,
2011603,2.552992,
8101081,2.895765,
1505877,3.207599,
2230585,2.615155,
2202873,3.0197709999999995,
1505373,3.404745,
4113699,1.577802,
7106432,3.987072,
7153351,2.903214,
1504445,3.586172,
4506396,2.545307,
4108419,2.880802,
4023523,3.516862,
4026341,2.133455,
2103832,2.286536,
4513611,2.121103,
4073556,3.884039,
4028054,3.4855780000000003,
7053850,1.478999,
4028836,4.259458,
4333484,1.68666,
4027334,1.947481,
2017072,3.5594430000000004,
4119103,4.055111,
2004202,2.469319,
1501751,2.614566,
7151325,3.801936,
7100433,3.13048,
4022724,3.425435,
4112697,4.130254000000001,
2017122,1.082665,
2005622,3.012969,
2223988,2.678009,
4029295,3.661724,
4026482,1.573045,
2006263,1.914099,
4021927,1.644149,
4029363,2.745719,
7024388,3.97744,
2216296,2.397251,
2102645,3.388338,
4021495,4.176931,
7220007,1.464415,
7152703,3.636676,
1513400,3.953072,
4031290,2.193156,
7151888,3.382242,
2205877,2.188666,
2017135,2.904839,
4022614,2.739189,
2215753,3.589073,
2222867,2.298451,
4024592,3.751606,
1503585,3.606465,
4117251,3.264038,
1506507,2.939348,
4020632,1.953825,
4500721,2.9047110000000003,
2011797,2.978528,
2225751,3.510582,
7150831,3.812917,
2240997,2.415327,
4027289,0.748156,
4022267,2.328739,
2209540,2.863379,
2017944,5.714378999999999,
2217508,4.278016,
2105032,3.365556,
2227434,3.763722,
7117022,1.708891,
2229648,3.718336,
7154324,4.0319400000000005,
2222171,2.90607,
2212018,3.2192420000000004,
4025893,3.163362,
4024122,1.954544,
2205281,3.544267,
4307000,2.181334,
1517395,3.92303,
4507992,4.879071,
2003309,3.029931,
1503193,2.481512,
4029869,2.6015840000000003,
7151754,2.422168,
2229818,3.514599,
2234363,2.3928130000000003,
1508882,2.59451,
1542835,2.192345,
2220430,4.530257,
1519399,3.247347,
7153973,5.166594,
2224153,4.481242,
2220814,2.7790760000000003,
2237041,3.883192,
4028964,2.722792,
4065714,3.175717,
4023784,3.719053,
7050550,2.549223,
2001894,2.008432,
2228933,3.233993,
2218571,2.785201,
7115126,4.978562,
4026916,3.591418,
2223859,2.6453480000000003,
4315561,2.164404,
4067799,2.98634,
7053976,2.55546,
7219158,3.0722760000000005,
7218925,2.917893,
2227566,2.922756,
4027869,1.826069,
4023246,3.57699,
2103076,2.213559,
4112264,1.629803,
2223098,2.694436,
7221753,3.163019,
2203236,2.631159,
4508441,1.737006,
4103568,3.44933,
2006959,3.710508,
1502449,3.683744,
2101617,3.033952,
4063746,1.402788,
2215204,5.479088,
2000054,3.657271,
7152077,2.2498,
2017253,5.923015,
2203817,5.064922999999999,
2237566,5.403862,
7150808,3.108449,
2200308,2.9983730000000004,
4024335,4.141229,
2206710,3.513459,
2235589,2.106938,
2203634,4.015228,
2229565,2.131682,
2104562,2.117059,
2001313,3.190897,
4024836,4.028814,
2218365,2.620241,
4026871,3.467612,
2241433,2.581675,
2018118,3.289772,
2204838,2.72892,
7154447,2.551623,
4031289,2.248225,
4030544,3.834201,
2225076,3.022008,
7152181,2.342524,
7053277,2.149088,
1502816,2.801324,
7217236,2.423349,
7204440,2.8318960000000004,
2231708,4.558289,
2205677,3.612095,
7115352,2.003187,
1520354,2.163737,
4500492,2.190744,
2013297,2.812672,
4025465,3.047044,
2208519,3.74918,
2201181,3.846814,
2223289,1.523751,
2222814,2.547263,
7150031,3.778317,
2202051,4.210283,
1516653,3.855588,
1542317,2.350853,
4504008,1.236929,
7226610,2.073436,
1503559,1.945708,
2203609,2.268784,
4025653,4.671093,
2214477,2.564767,
1516663,3.282494,
4020365,3.509353,
4325055,2.053216,
1512286,3.260937,
7200614,4.264047,
1501908,2.161179,
4022363,3.2474350000000003,
1504394,4.903984,
2231507,3.533152,
1514814,1.979314,
1542650,3.040907,
4500722,2.941827,
7154492,1.831995,
4020201,1.6615859999999998,
1506228,2.777146,
1508367,1.996111,
7153463,2.3674470000000003,
4030969,1.277688,
2202921,4.960171000000001,
7155109,2.748627,
4028466,3.2194650000000005,
2020536,3.0153130000000004,
4063240,1.7957250000000002,
2221515,2.843255,
2007394,2.844421,
8102175,4.513241,
2016140,2.467517,
7204423,3.244383,
4024036,3.253296,
1519494,5.225334,
4510651,2.125639,
7152413,2.371214,
7105557,3.674024,
1505462,2.44382,
7200969,1.568514,
2228714,1.317066,
7224794,3.36646,
4116458,4.12955,
4028376,2.681298,
7213267,1.066647,
7150063,2.097793,
4116463,2.811879,
2241818,2.449384,
1512346,2.1482900000000003,
2006330,1.822796,
7109154,1.848629,
7224941,1.976292,
2229980,3.057414,
1520683,1.2640630000000002,
4021836,3.755106,
4024539,2.597602,
4025513,3.597272,
2232417,3.897155,
1512296,4.100627,
1506154,3.256489,
4116149,4.914600999999999,
2217394,3.048102,
4020592,3.870878,
4031858,3.3964170000000005,
2233533,3.2194929999999995,
7224888,5.8924140000000005,
2211775,3.40373,
1518420,3.8085,
1503663,1.701329,
2233897,1.670583,
4110268,3.981202,
1506860,3.233828,
4512455,3.149393,
4022191,3.406683,
1508280,4.220923,
7105277,3.366531,
7150166,3.230493,
4025185,1.267649,
2017530,2.681146,
4066977,2.500191,
2200427,3.475905,
1512031,2.478294,
4075590,1.827572,
2235905,1.984996,
4020296,2.768788,
2006022,3.84816,
2231047,2.347974,
1520376,3.64674,
4071388,2.487244,
7150524,1.069225,
1519797,3.745905,
2201414,1.983639,
1506012,2.686572,
2016105,4.224009,
7219566,2.975428,
7150090,4.541526,
2009555,1.417502,
2230644,3.4052999999999995,
4021466,2.582751,
7151702,2.994526,
2231352,1.81148,
4029682,2.224762,
2015917,1.875258,
4028983,3.447883,
1503532,3.74188,
4025676,3.904487,
8100693,3.455289,
2218301,2.554701,
4024470,4.886701,
2223156,3.316596,
2000932,3.351869,
2225732,3.629886,
4507156,2.7448390000000003,
7103266,3.17243,
2234113,3.0430900000000003,
4028921,3.601068,
2236204,3.556093,
2216129,2.622866,
4116462,3.640549,
7053270,2.309509,
2200756,2.558646,
4023288,2.088606,
8101122,3.2105840000000003,
2203826,3.491261,
4507314,2.690773,
2239767,2.491161,
2011551,2.069596,
4030548,3.329511,
1516115,3.309072,
1503756,2.960513,
7212565,4.207049,
1543489,2.884785,
4023247,2.19246,
2219461,3.917371,
2229916,2.440026,
2238780,3.283986,
4026959,2.470852,
4025406,5.7052380000000005,
2105534,2.520601,
7151786,4.0495540000000005,
7207150,2.370849,
2012939,3.09703,
7216870,3.541701,
2009343,3.318402,
2102855,4.037298,
4505684,2.054542,
4320365,2.015299,
2229099,2.637887,
4122317,2.692226,
2208671,2.209921,
2104166,4.719183,
4102501,3.022973,
2205520,4.691083,
1518569,3.118488,
7212567,4.15406,
2241798,2.605317,
2231915,3.79086,
7154792,3.542027,
2240611,4.101794,
7106434,3.9905810000000006,
7052337,2.920483,
2215609,3.697372,
4500590,3.312423,
1513767,3.571109,
4030891,3.033566,
4021413,2.306229,
4082397,2.967956,
2202147,1.702006,
1504473,3.553834,
1506275,3.232281,
2228818,3.28505,
2217222,2.818497,
2208283,2.691962,
7155144,2.586751,
1518200,1.572961,
1506184,3.177003,
1512213,3.603438,
2200537,5.048309,
2232607,3.516045,
2213240,3.155338,
2233773,2.6396810000000004,
1505655,3.40256,
4060559,2.5199320000000003,
1504685,1.801001,
4026502,2.854171,
7154451,2.779439,
2015114,2.021948,
1544223,5.360984,
4024619,3.353936,
4118783,3.244447,
2004468,2.091051,
2226234,4.222308,
2237462,1.842445,
2206619,3.222124,
2218288,3.259258,
2238056,3.115806,
7054724,4.043068,
1504492,4.614521999999999,
2223214,2.542017,
1506010,2.587159,
7150667,2.602484,
4024080,2.374156,
4105326,4.906318000000001,
4029638,3.537184,
1512028,2.387277,
2232369,4.599022,
2214231,3.451171,
7224989,1.965648,
1506694,2.369677,
2235205,3.662568,
1516113,4.356919,
7113959,2.4256290000000003,
2209401,3.729067,
4029864,2.660947,
2219818,2.090993,
2101361,5.666134,
2009292,4.490774,
7154263,3.2955780000000003,
7112583,2.807037,
8000130,1.888589,
2200606,2.872779,
4501922,2.5227880000000003,
4081326,2.100906,
2218373,2.875383,
1514332,1.746071,
1504907,2.360852,
2228774,2.598157,
2206637,3.25236,
4508003,5.184329,
2013049,6.031442999999999,
4027284,3.28434,
7052840,3.408672,
4025243,2.25653,
2201939,1.607996,
2240794,2.377649,
7028421,5.263793,
2007994,2.357367,
1511812,8.316908,
1501687,5.552385000000001,
7153202,2.558981,
7219671,3.554158,
2012995,3.133732,
7216707,2.565617,
4031018,4.937417,
4020878,3.752324,
1514536,4.093086,
7154296,2.738866,
1502755,3.1226970000000005,
2224647,3.477964,
4022183,2.44964,
4513742,2.5128950000000003,
2238737,3.081599,
4029245,3.14935,
4027276,3.16592,
2100457,6.670401,
1520672,2.990563,
4123798,2.778409,
2239941,2.945465,
1502523,4.129207,
2205991,2.483955,
2220032,2.674574,
2014237,3.3619830000000004,
4332496,3.923454,
4021738,5.222096,
1503556,3.614611,
1503911,4.209833000000001,
4303999,0.0,
1519973,4.38059,
4022522,3.806621,
2015963,3.3307840000000004,
2003232,4.470452,
7154942,2.987923,
2201542,1.1840309999999998,
7051205,2.601336,
4025836,2.24892,
2100242,4.899876,
4021171,2.756549,
2103718,1.564581,
2007443,3.819993,
1542836,2.9354320000000005,
1518504,3.023229,
2204176,3.990839,
2241359,1.906079,
2202407,4.213259000000001,
2015268,3.504074,
2207753,2.433732,
1505396,2.857921,
1507017,3.206706,
4022690,2.486574,
2300042,5.251312,
7201787,3.314762,
2017862,3.468577,
4513112,2.693472,
7152950,0.676879,
7226279,2.2297960000000003,
4024131,2.606409,
2220499,4.637978,
2202514,4.660325,
1501840,3.526816,
1505254,4.036857,
4001177,3.402639,
2210111,2.915426,
4507573,3.230256,
2310004,5.145038,
1542267,2.932754,
1517419,2.4417420000000005,
4084244,1.996912,
4110934,2.7601210000000003,
2205247,2.67412,
2210791,2.152734,
4075002,2.506643,
1529847,2.489564,
7224800,2.935732,
4029424,2.74848,
2209954,2.20048,
2020281,2.5923740000000004,
7112995,3.406693,
2234553,2.602549,
4029939,2.721932,
7101829,1.580486,
2235907,3.3620590000000004,
2227006,4.52811,
2227448,1.8685670000000003,
2207174,2.377607,
4020475,2.114809,
2207935,3.459225,
1519245,4.8891420000000005,
2238965,1.6256819999999998,
2219093,4.051655,
2210060,2.249531,
7208901,1.851322,
4305475,2.750611,
7152872,1.770139,
7150549,3.478673,
2220762,3.33279,
4508025,5.254127,
2229145,1.7760669999999998,
4504589,3.762974,
7108796,2.3226310000000003,
4301456,3.830192,
1505297,3.182462000000001,
1542607,1.189229,
7150423,2.724839,
4504084,4.466415,
1507264,2.685405,
1504681,2.190029,
2004334,3.182364,
7151167,3.564975,
1512225,3.735839,
2014053,3.835917,
7151750,3.368895,
4344172,1.950565,
1506218,1.924168,
4025897,2.276053,
7223221,3.767463,
7153881,3.486055,
2104837,2.770925,
2224206,3.310321,
4508048,3.0264230000000003,
2011084,1.707724,
4079426,2.239296,
1508340,2.760587,
2209012,1.5938249999999998,
1507575,3.656586,
4024024,4.012784,
1504863,2.007802,
4501650,2.723485,
1507476,3.689312,
7109422,1.95011,
4064471,1.153815,
7150586,1.483727,
2227643,3.29517,
4101208,3.855764,
1511972,2.184517,
2204462,3.4799580000000003,
1518269,2.89623,
1513591,3.303237,
2230839,1.3198340000000002,
4506958,3.0649990000000003,
7154627,3.264246,
2103872,1.3324239999999998,
4022736,1.57547,
4020649,2.376068,
2003112,5.154541,
2100177,4.3763250000000005,
1542454,3.796952,
4505018,4.850733999999999,
2007062,3.020995,
4023320,3.290887000000001,
7151742,4.230493,
7218924,2.857415,
2200041,3.041179,
7205616,3.817258,
2236039,3.463775,
7152021,3.809603,
7151237,3.321803,
2227938,4.170616,
4027168,4.628774,
4502684,1.7953739999999998,
2001243,2.8362290000000003,
7221141,4.715367,
2220442,2.771878,
7150537,2.761553,
4031848,1.631338,
4503129,5.029501,
4020341,4.828711,
7213019,4.369075,
4101230,3.894659,
2001187,2.045952,
2015025,2.603796,
1506494,2.815194,
7218087,2.302492,
4320095,2.600232,
1513536,4.371942,
4022990,4.786055,
4121699,2.573346,
1515707,1.523462,
4028347,4.104478,
7109239,3.249656,
1505620,1.44667,
4121986,3.874686000000001,
2203452,3.049753,
7150420,4.944367000000001,
4313411,2.9231330000000004,
2013516,2.562348,
4020526,3.281778,
2225449,4.795874,
4028221,1.345711,
2018558,2.08885,
2206049,2.465689,
4080612,3.830268,
1542703,3.474066,
7152101,2.779334,
2233170,3.652669,
7207803,3.2893699999999995,
2235694,3.13133,
2207835,2.509267,
2203360,3.448339,
4027132,2.115819,
2100178,4.382742,
4502681,1.7624810000000002,
4325060,2.069665,
2200616,4.295501,
4064074,3.909498,
1502933,2.646527,
8100545,3.102113,
2212686,3.4321770000000003,
2212429,4.692581000000001,
2224521,3.986509,
4026434,2.826556,
2016514,2.3299319999999994,
4023378,3.146585,
7015028,3.823138,
4123678,2.168873,
7224728,0.927018,
4028372,2.33767,
2220615,2.003047,
4021609,2.65869,
2236488,3.859199,
7225636,3.425695,
7152168,4.064709,
7224883,5.580294,
2218346,3.030802,
4024574,4.300958,
1503589,1.864685,
2104607,4.262451,
1504351,5.343882,
1501688,5.548671000000001,
7103920,3.125103,
4029896,1.952084,
2202276,3.926967,
1503982,3.63221,
4025692,3.5838110000000003,
4104524,2.302523,
8102132,3.145285,
7052023,1.122964,
2000799,5.2266010000000005,
4030655,2.363582,
8000010,1.7433390000000002,
7154971,2.781683,
4028465,3.4382009999999994,
2015945,5.191954,
4064908,1.982803,
4022038,3.714071,
7215749,3.212401,
7200225,1.616737,
1518274,3.744981,
7112509,2.989282,
2218876,1.992945,
1517162,2.371909,
7226512,1.651597,
4030960,1.640934,
2233821,4.86406,
4123507,4.413905,
4082788,2.523063,
7152751,2.849031,
4023450,2.2416599999999995,
4031532,3.0499660000000004,
7206737,2.133437,
2226213,6.19895,
4504971,5.108412,
4025617,1.835252,
7019106,2.2775100000000004,
1505189,3.350925,
2211746,3.305087,
2218770,3.3792350000000004,
4070825,3.445966,
2240173,2.916923,
2001657,4.402286,
2238233,2.358961,
2010832,4.810243,
7151687,3.208541,
7100406,3.040023,
4020683,4.298968,
7214735,3.805691,
2223524,3.691848,
8102456,2.025252,
1502464,2.516694,
1505830,3.522587,
1529306,2.8083849999999995,
4028583,2.631277,
2222571,4.409594,
7034471,2.528508,
7155005,2.826776,
4028812,3.847161,
7206868,2.922312,
4120169,4.146094,
4072291,3.109663,
4111748,3.727828,
1506469,3.13887,
7053193,1.4350900000000002,
7105526,2.118,
2220255,1.864963,
4510383,2.822271,
7225634,3.448998,
1502615,2.930157,
2004281,3.495653,
2208308,2.5070150000000004,
1502560,3.4089410000000004,
7205402,4.569009,
7154811,3.450854,
2011526,2.072575,
7053637,2.251942,
1504486,4.235109,
7202391,3.62823,
4025034,2.473518,
4507987,3.18829,
7115466,1.936377,
7151861,4.488372,
7210160,1.503175,
4025806,2.988008,
2001552,3.2059360000000003,
2203449,3.585808,
1507883,2.3266750000000003,
2225048,2.820301,
2201187,2.606085,
7051334,4.277166,
2215635,1.87358,
1502303,2.386152,
7214489,2.9817090000000004,
1502269,2.622817,
4512829,3.1110700000000007,
1507737,3.956966,
1502436,3.0838529999999995,
4340822,2.864277,
2226346,2.0549530000000003,
7151180,3.859047,
4027056,3.392271,
7151265,3.12536,
2218388,2.423458,
4025174,2.917523,
7053686,2.904546,
7154683,3.0316080000000003,
2012025,3.604889,
4069722,1.4365990000000002,
4068633,2.866265,
4085510,2.650543,
4029170,4.93835,
7151610,2.7265180000000004,
7150671,5.169282,
2006341,3.2600360000000004,
4063464,2.110768,
2006085,2.986562,
4028070,3.856382,
7151304,4.743059,
4105814,3.261915,
7216877,3.022882,
4023601,1.803283,
4021210,3.614176,
2224437,3.925519,
2201222,2.956507,
2220649,2.459554,
1505255,2.967299,
4025659,3.117656,
7001879,2.728115,
2105143,5.207089999999999,
4024607,3.736421,
1507611,2.7514960000000004,
2225528,3.077134,
2233167,2.321138,
1503804,3.128384,
4025754,3.217613,
4303544,2.631898,
1505879,3.730801,
2103892,4.357944,
7050548,2.371963,
2224010,4.572757,
1504985,2.819626,
1507537,1.86754,
7001850,3.1275790000000003,
4117743,2.795195,
1511901,3.30264,
2204577,2.700744,
4065442,2.518119,
7110128,2.8539710000000005,
4025734,2.22368,
7002493,2.495411,
2237704,2.13061,
4082103,2.301798,
4023739,2.6193920000000004,
2004246,3.789338,
2213008,2.91861,
2216467,3.441978,
7152013,3.935251,
7054254,3.3535319999999995,
1503668,4.2110590000000006,
4109083,2.52322,
4513964,1.188405,
1512054,3.431543,
1513587,3.75021,
2010722,4.331785,
2234822,1.643227,
4029527,2.8964870000000005,
7010759,4.490762,
7024341,1.136181,
2006698,2.267956,
2223579,2.497827,
2205134,4.250488,
4020537,3.304205,
8102357,3.24062,
4022722,3.758251000000001,
1508682,2.404737,
7206829,3.16267,
4026036,4.782379,
7102596,1.616496,
4512999,5.155918,
2101221,5.195199,
2200694,2.676855,
7153335,2.183399,
7107490,3.322544,
4023290,1.919496,
7206209,3.052651,
4029016,2.1082680000000003,
4312662,1.97263,
7212024,4.600298,
7219113,5.189997999999999,
7152190,2.86741,
1513517,2.859363,
2218368,3.869947,
2008651,5.081366000000001,
4024561,4.348366,
1513482,1.917954,
4025040,2.749637,
4031850,1.5417269999999998,
4022058,3.132702,
2300242,3.380192,
2216171,2.248256,
2212387,3.196067,
2220517,4.939352,
7153819,1.949352,
7002247,2.757563,
2238039,1.894099,
7222404,2.421392,
8103227,2.6288850000000004,
2237194,2.965276,
4113021,3.4499530000000003,
2005729,4.733691,
2215314,4.520108,
7101001,3.690634,
4027847,2.418558,
2020594,4.338008,
4024731,4.972931999999999,
4022085,3.178132,
2201391,1.607203,
4025145,2.460774,
2219148,2.599528,
2224421,2.713972,
2209652,3.54092,
1508845,3.433638,
2240046,1.3219980000000002,
2228422,2.3876310000000003,
2218109,2.416863,
2222109,3.152677,
2213508,5.029724,
2300238,3.58888,
1505593,1.927417,
4507998,5.1597360000000005,
4501021,2.415931,
7115598,1.88091,
1542725,4.132003,
7151616,2.321427,
1507503,2.908986,
2207690,2.891072,
2204873,1.665021,
4507670,2.937873,
2220883,1.561599,
1502527,2.832077,
2235554,1.7227199999999998,
7218861,3.929427,
7150935,3.491306,
2226673,2.965317,
7104602,1.1729349999999998,
1518658,4.36554,
4064956,2.888497,
2213542,4.42473,
7100209,3.195934,
2238201,1.970422,
4125047,4.2548520000000005,
2210062,2.531927,
7153365,3.174505,
2237581,1.826274,
4501018,2.9000639999999995,
7154022,2.096433,
1504340,3.695839,
1513394,3.830265,
4021054,2.80821,
2240986,2.889117,
2218675,3.615184,
7218172,4.632112,
7201830,3.48985,
4024499,2.8126330000000004,
4022845,3.655801,
2206802,1.732241,
2101848,3.097239,
7152383,3.934988,
1529856,2.4161150000000005,
1502578,5.059578999999999,
4022057,3.099507,
2015393,2.436784,
1517981,2.614963,
2105068,2.05189,
1505567,2.911092,
2011862,5.546237,
4062299,1.2435969999999998,
1508843,3.353595,
4100977,2.971097,
4506072,3.183447,
4020200,1.428871,
1517607,2.061534,
4336203,2.890815,
2203550,4.901535,
4027769,2.47202,
2001649,3.775365,
2234046,2.477197,
1504129,2.782845,
4020408,3.093834,
7154822,3.336669,
7054007,1.781106,
2240629,2.454614,
1543130,1.585287,
2105027,3.202573,
2203664,3.189065,
2015741,2.471781,
7052954,3.787211,
2203064,4.815907,
2236892,1.605533,
7225632,3.689047,
4342493,3.057735,
4119494,2.475841,
2212248,2.575301,
1507830,2.826308,
7155053,3.133291,
4023416,2.615086,
2236257,2.682863,
4062954,1.76573,
1504872,4.997414,
7000349,3.254228,
1506635,1.950287,
7008135,2.394852,
2000830,2.274261,
2005425,4.880198,
4021101,3.4399870000000004,
4501134,2.099185,
7150613,2.076011,
7154441,2.889474,
2241009,2.384931,
2002921,2.682205,
2231288,3.48376,
4030463,3.916139,
4031912,2.548522,
4026117,1.7372040000000002,
4022962,1.566653,
4081091,2.281386,
7217856,5.009429999999999,
7150493,2.554116,
2105026,3.14969,
4501872,3.26037,
2105154,5.355081,
1503287,2.6088890000000005,
2217066,3.2892880000000004,
7152098,2.028891,
7108585,2.526336,
7152770,3.531403,
2237792,4.061799,
4103002,4.684364,
4505427,4.624914,
2018216,2.277552,
4506224,1.53529,
7202449,5.482901,
2206059,2.53919,
2216631,3.245777,
2202988,2.290623,
4026399,4.538996000000001,
7203243,3.1814910000000003,
2104164,4.637706,
4024377,2.864968,
4079067,2.788621,
4068625,1.24404,
4026906,2.989248,
4031487,2.788288,
2208099,4.094221,
2226473,2.759385,
4113548,3.341158,
4029912,3.342146,
7208127,3.1123070000000004,
2231851,2.2473530000000004,
4024835,2.74191,
7154446,2.948935,
4022776,4.5159,
2226595,2.586284,
4074870,3.2396679999999995,
1506380,2.774686,
2000925,2.849262,
7204795,0.4965119999999999,
7002421,2.426822,
2001949,3.369078,
1507111,5.073675999999999,
7152813,3.124342,
2104853,4.394614,
1505202,1.883456,
7226354,2.671759,
2232626,2.756344,
4505019,4.907922,
2105148,5.208981,
2222693,2.577932000000001,
4501614,3.077154,
2228719,3.105285,
7054651,3.0313040000000004,
2009176,4.956793,
4023198,4.437631,
1502611,2.842146,
2216330,5.017441,
2219275,3.011269,
2210071,2.543071,
2018241,2.5153610000000004,
4026850,3.5527740000000003,
4086129,2.87609,
2201994,2.853779,
4512893,5.248448,
7219790,2.521472,
2103309,5.043361,
8100045,3.326217,
2300236,3.584708,
2012569,3.765012000000001,
2011397,3.385834,
4022252,4.064541,
7152124,5.806319,
2208049,2.335471,
4078037,2.756221,
7109189,1.069441,
4029873,2.1178540000000003,
7050066,2.582186,
7223879,2.6272080000000004,
7103910,3.441275,
2216348,2.813117,
2012951,3.3842830000000004,
2205421,2.503447,
7111221,4.075769,
7151677,2.948212,
4072937,3.155508,
7117023,1.279395,
7151249,3.007209,
2212872,3.492974,
4085684,3.651825,
7051805,2.84723,
2210198,2.71914,
7214683,3.22771,
1502447,3.507898,
4024466,3.054165,
7154728,1.878282,
7208253,2.329712,
2214368,3.273709,
8102491,3.233065,
4062626,1.1230730000000002,
2226488,3.676329,
4027961,2.624532,
2212540,3.35685,
4023263,2.398226,
7112234,2.4185570000000003,
1511966,2.718252,
7151489,2.96362,
2232013,2.884927,
2101860,5.16469,
7152173,1.746087,
7206175,2.900583,
2239856,2.469503,
7152910,2.5287040000000003,
4027844,2.724285,
2225913,2.546128,
2216172,2.0490630000000003,
2210250,2.675275,
4509058,2.383541,
4510364,3.125999,
2217845,3.259993,
4502399,2.069341,
7219108,5.257264999999999,
7015874,4.262076,
8101578,4.238971,
2001820,3.095935,
7051322,2.707373,
2214055,2.984561,
4060384,3.0075450000000004,
2100239,5.361193999999999,
4024467,2.969175,
4080631,2.581919,
7212308,5.106239,
4021626,3.3150570000000004,
4118785,2.678966,
7150050,2.660659,
4029917,3.260059,
2212771,2.030514,
7224981,3.079691,
1515392,2.8613440000000003,
2235593,2.642577,
2210047,3.771935,
7213463,2.487332,
7152743,2.096723,
2218499,3.404549,
1100686,2.108903,
7051695,0.6991350000000001,
2105865,3.196654,
2201343,2.692571,
7218742,1.017427,
2227511,2.036406,
4028598,2.609429,
4028549,5.196552,
7105267,1.982379,
7150475,3.3237170000000003,
2234776,1.825931,
2212541,2.0461,
1544192,2.328596,
4300230,3.115904,
7108137,2.635842,
4025749,4.553381,
1504105,2.588249,
2215826,3.857213,
7055103,2.8425,
4070823,3.5317540000000003,
4028225,3.992234,
2203590,2.35542,
4021363,2.502126,
2012161,1.814478,
4023479,1.929179,
1540600,2.334329,
7203133,5.003772,
2215924,3.960769,
4020583,0.518008,
4105367,2.734996,
2235214,2.435922,
2229820,2.304453,
2211267,2.87971,
2003341,4.623965000000001,
7005592,3.115065,
1518437,5.230884,
2235480,1.5460379999999998,
1540692,2.493345,
2004438,4.595305,
4027078,2.520938,
2217314,3.681383,
7117267,3.916808,
7054720,3.925671,
2016175,2.866304,
2216150,3.582162,
2015317,2.658073,
7153961,1.838776,
4026078,3.571764,
2222103,5.317375,
7219104,5.295149,
7151894,1.890637,
7103151,3.201432,
4023857,2.7215830000000003,
4329846,2.793547,
7150585,2.064673,
7200957,3.879226,
4101236,3.537157,
7226343,1.633721,
7217711,2.1366,
4028899,2.679498,
2228717,2.4751950000000003,
7106100,3.5173110000000003,
4303445,4.360382,
2004269,5.314560999999999,
2222451,2.52707,
2235867,0.924611,
4101736,2.209216,
2101172,4.354818,
4029588,3.834758,
2232442,2.539834,
4021437,2.244224,
2213512,4.888226,
2200633,4.034814,
4104770,2.933945,
7054788,3.599607,
1508316,1.7574519999999998,
2228535,3.0785660000000004,
7118838,1.564314,
1506290,2.7301009999999994,
2220312,2.332358,
7225633,3.370121,
1540621,3.210245,
2005043,4.06384,
7154569,2.309234,
4025765,3.3664380000000005,
2211489,2.707425,
2010045,3.486243,
2006041,4.6303160000000005,
4020288,4.573724,
4021967,2.321015,
7112240,3.87042,
1504196,3.84443,
2016797,4.421006,
2221294,2.186487,
7153316,2.739084,
1529509,2.753564,
2232430,2.876188,
2105022,3.224164,
7100828,1.5746070000000003,
2229575,3.793308,
4103598,2.222164,
2211997,2.330791,
2000856,4.3087290000000005,
1503191,2.500864,
2203029,2.013593,
2016142,2.148747,
7154459,3.167168,
4021448,2.042544,
4027270,2.885117,
4331193,3.299902,
2208708,2.424629,
1513535,3.845011,
7153648,2.295896,
4501828,3.0030020000000004,
7207221,2.9703980000000003,
4085076,2.439671,
2101940,1.158814,
2237902,2.8170010000000003,
4512204,1.30246,
4027610,2.231645,
2205587,1.3491689999999998,
7011314,1.1739,
4027964,3.534363,
7102060,4.006668,
1542287,3.031405,
7152824,3.857405,
4510917,3.928121,
7152407,4.840007,
7217150,2.361364,
7202475,2.5491170000000003,
4060356,1.963526,
2214901,3.520989,
2228697,3.5903019999999994,
7205015,1.4867750000000002,
2101374,3.998566,
1543474,2.586256,
4021488,5.115857999999999,
2222538,1.898948,
7151076,2.4145510000000003,
2225518,3.880358,
2220258,3.878561,
7150784,4.909794,
2241157,3.0195950000000003,
7011177,2.981056,
2232035,3.1172189999999995,
2010245,3.090241,
2230218,1.817033,
2016821,2.928282,
1542633,3.018512,
4103314,4.109735,
1543168,3.062204,
4100437,3.358506,
4027030,6.036024,
4078151,2.955753,
1502391,3.263136,
1504491,1.849637,
1502570,3.976168,
1542362,2.0958680000000003,
4061577,1.3030389999999998,
1505196,2.347003,
2103593,5.401714999999999,
1506873,5.11621,
1504636,3.301791,
7225635,3.450546000000001,
2235635,2.657891,
7105869,2.967456,
4021214,3.206,
1516704,2.661352,
4300231,3.1137110000000003,
4030756,3.199921,
7153160,3.49029,
4500839,1.826855,
4021891,2.560582,
2231713,2.632464,
4507474,4.393924999999999,
4511617,4.918832,
4101607,2.121852,
2222547,3.031185,
2105112,4.9802040000000005,
7204770,2.748372,
2005844,2.638788,
4509239,3.140396,
2228286,2.216627,
4024056,3.459189,
7150525,5.251666999999999,
4020451,2.942454,
4026258,2.72656,
2105100,5.261211,
4513599,4.483573,
2206070,1.454518,
4506064,2.694413,
4021255,1.903927,
4505867,2.833985,
4026676,2.80735,
7154838,2.587192,
7019735,2.528155,
4027300,3.201498,
4072502,3.886016,
4120263,3.78935,
7113282,3.3084100000000003,
2009004,5.749881,
4117754,3.559714,
4511618,2.842076,
7150952,1.073245,
4117082,2.161333,
2235514,2.024541,
4505819,1.7707130000000002,
1507372,3.464809,
2010508,4.196052,
4024219,4.063806,
4030105,2.4747570000000003,
2100148,3.797511,
4500646,3.482223,
7209200,3.9904,
7155131,3.26299,
1513507,3.4358200000000005,
2014647,1.714061,
1511968,3.098251,
7204820,3.026442,
2105622,2.021061,
2011234,4.085243,
7153232,2.146776,
4119730,4.082667,
7151915,3.229667,
4084488,2.672008,
1502566,0.676339,
2206924,2.248175,
4508023,5.223024,
2202598,2.6369860000000003,
4328484,3.0646279999999995,
1507559,2.9769689999999995,
7210541,2.344595,
1502621,3.592668,
4028786,3.893041,
4026675,3.229589,
4083913,2.8691880000000003,
2003892,2.773745,
4310538,4.771526,
4030768,3.305588,
4028034,2.694647,
1506089,2.879616,
4021976,3.229621,
7153092,2.96903,
2219311,2.8289530000000003,
2206599,2.663244,
2219413,2.930609,
1519848,3.5004150000000003,
4023231,3.069764,
7117260,3.250568,
2235457,3.214129,
1519519,1.449164,
4021783,3.331882,
4507559,3.732709,
4023132,3.0418670000000003,
4100857,4.075475,
2230675,2.6052820000000003,
4024969,2.691459,
7209117,4.959356,
1508564,4.255622,
7225380,4.719542,
1505972,4.001873,
2211364,2.392268,
2007879,2.098533,
7150164,5.31821,
1508822,1.924156,
7154578,3.913519,
1513499,2.258757,
4025515,5.792159,
2018126,1.862513,
7214411,2.965966,
2003250,2.17522,
1542462,2.961551,
4027187,3.705583,
7200457,3.882085,
7150434,5.387965,
4075050,2.013993,
2219028,1.672612,
2105601,3.210449,
2003942,0.6814880000000001,
4029261,2.758143,
7054559,2.774636,
7214120,1.680952,
2003549,4.002316,
4113768,3.037253,
4026583,2.760188,
7112726,1.980047,
7151077,3.302847,
7216389,4.735970999999999,
7209203,2.356794,
2216447,3.788883,
4508138,3.027404,
7027690,3.832119,
4511329,3.813942,
4024191,3.992515,
1520240,2.98338,
7150825,3.2634030000000003,
1508473,3.435963,
4023720,3.444401,
2205031,1.939887,
2018613,2.53335,
4025405,5.544461999999999,
2223659,2.66704,
1518693,2.8958,
7154658,1.952267,
7152120,5.721331999999999,
1512591,3.179543,
4506191,3.4398250000000004,
7150108,5.376166,
2217574,3.957544,
1518582,4.12182,
4029510,2.453141,
4029874,2.427084,
4022909,3.188482,
4340824,0.650898,
2222987,1.893107,
4024797,3.578922,
7214365,3.238329,
2217009,3.378361,
2201072,2.536056,
7053213,2.477572,
7219110,5.217727,
2013803,2.102054,
4022976,2.38826,
2017252,5.969901,
7050569,1.821256,
2017882,3.40118,
1513409,1.573858,
2223832,2.013499,
2103896,4.332915,
4332964,2.051748,
1529866,3.470324,
1508140,4.505118,
1506672,2.6448150000000004,
7114917,4.2265950000000005,
7109260,2.266579,
4022227,4.160536,
7117669,3.085049,
7153561,2.918282,
4029209,3.593454,
2234133,2.046769,
2235177,2.133211,
4500780,4.444097,
4023960,3.2314110000000005,
7223874,1.691983,
2010311,3.368467,
4023232,2.758389,
2218458,3.643547,
4084507,2.547586,
1511801,8.240565,
2232316,3.0501249999999995,
7114791,3.401404,
2209388,1.761333,
1505676,2.431948,
2220495,2.789153,
4032020,3.073324,
2016795,1.818917,
1502059,3.455114,
4078231,3.061456,
1508691,3.682267,
1507820,3.045001,
7150854,2.445816,
2005830,4.121551,
1503011,2.9440740000000005,
7212089,3.1283769999999995,
4083623,2.178958,
4023672,4.236561,
1502252,3.387246,
4070939,2.32443,
2103481,4.481393,
2217052,2.366257,
4312499,1.9574990000000003,
4507313,2.946137,
2100662,5.477319,
7219103,5.286977,
2231398,3.2284140000000003,
4081493,2.718878,
4024479,4.301940999999999,
7150173,3.014886,
2221786,2.271328,
4120744,3.565598,
2008661,4.416882,
7225909,1.32651,
1516337,1.6876779999999998,
4025204,3.067566,
2223148,2.396133,
7211145,2.250318,
2219617,3.501147,
4081977,2.13048,
4075721,2.578679,
4020178,1.290623,
2010263,2.319499,
2006892,5.719347,
4063309,2.711008,
2220524,2.6462630000000003,
7112730,3.481989,
2212224,2.245061,
2232293,3.570277,
1519411,2.8356470000000003,
1506919,4.12182,
1506556,3.638536,
8101848,5.085157000000001,
2010905,2.209457,
1518655,3.1778000000000004,
4020332,3.829104,
7220021,3.851029,
4020192,4.128203,
7153847,4.511529,
4071141,2.879098,
4023038,3.477677,
2213955,2.375609,
2237844,3.685346,
1503787,3.1963990000000004,
4507555,4.255234,
7154565,0.9111550000000002,
2237698,2.379943,
1517549,1.742594,
4103939,2.634139,
7100087,5.425476,
2222727,1.7518979999999995,
1506141,2.7227520000000003,
1543198,1.716481,
1504560,3.0538450000000004,
2212056,2.43141,
2300229,3.585444,
4029189,2.850092,
2014550,2.1912130000000003,
4022040,3.191081,
7103362,5.095946,
8102084,3.016384,
1502244,3.17564,
2202393,3.026726,
4104584,2.863516,
7116131,3.773127,
2101149,3.369491,
4023820,2.221767,
7053852,3.158207,
4504587,3.1341970000000003,
2003334,3.0077,
4078658,0.727069,
1520533,3.437656,
1505261,2.450106,
7219402,3.053284,
2216551,3.818714,
4028546,2.423683,
2011789,3.090263,
2211171,2.157496,
1504198,3.4905500000000003,
2208976,2.560897,
7204488,3.995939,
4025203,3.648689,
1516194,3.452872,
4030995,2.81226,
7212517,4.596758,
2221243,2.783429,
7213227,6.655697,
4024007,2.1192260000000003,
2012001,5.2445450000000005,
4030955,1.2096619999999998,
4027789,2.656817,
4020778,3.047085,
2219890,3.133029,
1540739,2.261654,
7035355,2.703747,
2103487,1.7732600000000005,
1505981,3.4909540000000003,
7153590,3.530417,
7106435,3.987772,
7052605,1.826235,
2019591,1.470224,
2229019,1.222745,
4022625,1.701253,
2222991,1.592243,
4020349,2.902566,
2217216,2.837746,
1503735,1.071573,
1520064,2.465888,
2006145,4.74585,
4028688,2.030955,
4024749,3.854315,
2105847,5.286789000000001,
2100133,4.068582999999999,
7215712,2.8814359999999994,
4028073,1.435298,
2014552,2.239164,
1503930,1.909433,
7155280,2.568069,
1505425,4.551235,
7119143,3.020775,
2225965,2.962299,
4028813,3.868842,
2209509,3.257606,
4023111,4.2184,
2011724,3.2829999999999995,
1505653,2.162666,
4031311,2.698497,
2200758,1.418481,
2105455,3.271293,
2001948,3.1716170000000004,
4116153,5.247796,
2009199,2.836276,
4513593,4.509485,
4109972,5.062709,
2214310,2.4726280000000003,
2005472,2.208726,
2214141,4.088288,
2235883,3.3373770000000005,
2231743,2.319916,
7005529,2.6800390000000003,
4066500,3.30403,
4501737,2.730649,
7214407,2.884247,
2001733,2.570962,
7151906,2.9323110000000003,
4024608,3.669105,
2012081,2.76481,
7109420,2.076317,
7152305,3.236677,
4508436,2.0113730000000003,
1513151,2.753451,
4025024,3.030411,
2218666,3.5124340000000003,
8102143,0.8419179999999999,
2230269,2.585085,
7211802,4.842657,
7052088,2.637842,
2001600,2.298447,
2239291,3.208095,
7150441,2.4448730000000003,
4024668,2.0031480000000004,
2211930,3.807368,
2201739,3.058853,
2220281,3.533235,
7219114,3.611471,
4022101,3.050748,
7151250,3.262486,
7219584,3.387238,
1516189,3.621126,
1520224,2.664409,
4024914,4.145776,
4020785,2.009363,
2018757,5.058185999999999,
7202959,2.2277250000000004,
4026682,2.89306,
2007408,4.551648000000001,
7035053,2.878937,
2234270,2.826377,
7213522,4.162750000000001,
7117163,2.575542,
2013476,3.3539070000000004,
7106403,1.6402869999999998,
4025929,3.780731,
2235620,2.291522,
4100665,4.565497000000001,
7150656,5.150345,
7152714,5.482335000000001,
1507431,3.3725119999999995,
7204908,5.085054,
4511395,3.710765,
7037107,1.023999,
4507990,3.217415,
2200518,3.398023,
2015716,4.781335,
2013642,5.747594,
4112526,4.148877,
4024183,2.987951,
7203591,3.736027,
2007807,3.31762,
1507453,2.872459,
7051167,5.755672,
1517439,3.1497139999999995,
7153665,3.4213310000000003,
7111228,6.013989,
1507084,3.95903,
1519759,3.615766,
2208309,4.079469,
4027251,4.373886,
2224866,3.228964,
7226156,3.092832,
2005515,4.275818999999999,
4110146,3.513727,
2310126,3.405095,
4074118,1.9105060000000005,
1507199,3.668014,
2014846,2.207353,
4029943,3.135486,
7151765,2.89736,
4121659,3.614039,
2212165,3.135714,
7153666,3.861223,
2233286,1.433647,
7200981,2.721097,
1518434,5.811086,
2202141,5.620582,
7053847,1.6374190000000002,
7117784,4.064246000000001,
1517357,3.270298,
4028433,3.486733,
2218701,1.808418,
7155084,3.386092,
1503644,1.901688,
7209118,4.992935,
1008776,5.148021,
2207177,4.849579,
1511955,3.019226,
7206934,3.174067,
2215420,2.610098,
4021554,1.976967,
4305137,3.5900700000000003,
2221322,4.881116,
4024498,2.662811,
2012807,2.975407,
7151972,4.2960590000000005,
1503462,2.082012,
4509798,3.037485,
7219828,3.640877,
1515000,1.5549389999999998,
2200839,3.918904,
2233492,2.190238,
2207979,2.87757,
4111528,3.760027,
1516325,3.355616,
2010820,3.14616,
7151496,2.863743,
2233778,1.86587,
2232648,3.4736260000000003,
7210916,5.171854000000001,
7214898,2.557108,
4114611,2.3879870000000003,
2019857,2.796237,
2206144,3.297816,
2218898,2.849475,
2228986,2.124942,
4024733,3.341418,
4074558,1.959136,
4069441,4.900227,
1520636,2.814226,
4081088,2.156464,
1506702,2.552771,
1503069,2.938382,
2004966,3.4952810000000003,
2237018,3.039591,
4029316,3.79167,
7219801,2.53847,
2000374,4.63221,
2237155,2.931056,
4028504,3.625814,
2206667,2.426595,
7029998,2.328542,
7154923,3.591831,
2231034,3.633409,
4324444,3.3567280000000004,
2224545,2.703216,
4022086,2.787296,
1519961,3.313594,
1542684,2.980481,
4028579,1.983655,
1504903,3.309629,
2009608,3.742612,
7225382,4.53312,
4027999,2.983195,
2010302,4.236817,
2240139,1.675954,
2214945,3.123891,
1542393,3.5344099999999994,
4022863,3.617435,
7154989,2.403248,
8101174,2.868654,
7150793,1.779389,
7014250,2.1253010000000003,
7200727,2.442394,
7219429,4.887366999999999,
7152130,4.969557,
4022657,4.3409,
2220722,4.2863370000000005,
2219531,0.371474,
7054606,2.343173,
2236196,3.512659,
7152900,3.945981,
2219013,2.442906,
7218455,3.858732,
7103926,3.134037,
2218355,3.926711,
2100608,2.477048,
2201058,2.060847,
7220041,1.686675,
2102960,4.370894,
7151651,2.582123,
7220287,2.108076,
4029637,3.145115,
7150980,2.798696,
2011704,3.152813,
4027243,2.6965380000000003,
1507109,4.00735,
7220579,2.9279260000000003,
4067757,4.815495,
4510572,2.123075,
4028966,3.043902,
7213378,2.089119,
7212214,2.624248,
4071382,3.802202,
1520479,2.310096,
4064304,2.590822,
1100244,3.3793489999999995,
2203034,2.354125,
7224328,2.11966,
1516423,1.932948,
4315285,3.499132,
4110556,3.948501,
2015449,3.371658,
1513532,3.225934,
1507742,2.986036,
1508968,2.570447,
1507182,1.857712,
4025572,2.740424,
2237362,3.246831,
2240146,3.376337,
7153297,2.626372,
2236360,1.4360460000000002,
7153627,2.703894,
1502284,1.191133,
7219855,2.266585,
4508226,4.170928,
7208828,3.538965,
7108734,5.304317,
2008994,5.725582999999999,
7205400,4.819697,
7151999,3.482413,
2212111,1.585255,
7019820,2.518997,
2105109,5.318596000000001,
4020616,2.438759,
4029798,3.602853,
7153086,2.693226,
2300009,2.407349,
4027398,2.161614,
4028623,3.5934,
7103922,2.8884360000000004,
2222874,3.642373,
2015486,1.2463619999999995,
4504973,5.087205000000001,
4069140,3.051607,
4504593,3.0120499999999995,
2011628,3.253649,
2011306,2.533513,
2004440,3.3604130000000003,
4120463,5.166697,
7226282,0.6187170000000002,
1504225,3.4294580000000003,
2223203,3.511216,
4030415,3.648812,
7151173,2.314824,
2213466,4.399853,
4024928,3.753426,
2017484,1.959191,
7153486,3.4521740000000003,
7218502,1.1611159999999998,
2216610,3.433993,
7219788,2.486673,
4023925,3.0828290000000003,
2233064,1.961494,
1542679,2.521916,
4029077,3.686858,
7102160,3.2274579999999995,
4060666,4.434491,
2217312,2.916417,
2238586,3.889304,
2226260,2.835764,
4112055,2.072721,
1505594,3.124184,
2236394,1.305536,
7105126,3.128663,
7101564,2.373631,
7206867,3.015405,
7152072,1.7415309999999995,
1503827,3.117566,
2017792,3.287929,
2225617,3.0623440000000004,
2209169,0.815305,
4077945,1.0323130000000005,
2001735,3.490993,
2104783,5.178409,
2203549,2.940834,
7111888,3.1505820000000004,
7155213,2.368857,
2202094,2.172397,
7152740,4.490376,
4078891,2.941904,
2310125,3.4207590000000003,
4025830,2.590537,
2200273,2.54439,
7027128,3.44467,
2239325,2.105944,
4118863,2.312505,
7224889,5.800860999999999,
4503670,3.413247,
4021746,2.966374,
1505350,2.127388,
4030225,2.4292,
7111220,3.675914,
1507744,4.1386780000000005,
2223224,3.662736,
7225495,2.6187430000000003,
7112517,5.169376999999999,
2201049,2.802932,
4024328,3.104577,
2219176,2.8555079999999995,
4020473,2.489449,
4025808,3.026979,
1504127,2.935191,
4030211,3.885056,
7214500,4.74673,
1506563,4.418203,
2201025,3.530339,
2222348,3.236873,
4020731,1.5855560000000002,
7107085,1.4351090000000002,
2227385,2.491077,
4029061,3.327064,
2214462,2.419817,
4025035,2.487492,
7212769,3.194091,
2100673,4.703543,
2235810,1.439501,
4124172,2.591362,
4029825,2.4806660000000003,
4026922,3.105985,
2235699,3.33787,
2211807,3.240485,
2235339,3.08048,
7153186,3.013936,
2014265,3.301804,
1528657,4.267163,
7034617,2.849343,
2238313,2.480241,
2223128,2.935938,
2010350,5.102102,
2010679,1.76104,
4506149,4.875012,
2019921,0.8731189999999999,
1511802,8.27801,
4501919,2.399069,
2202357,2.853994,
2012758,3.845194,
4319947,2.122247,
7154005,1.120198,
1542705,3.32986,
2019206,1.988237,
2215335,2.334552,
4028022,3.480488,
4509057,2.3731470000000003,
4000461,3.383743,
1507425,0.604745,
4000459,3.014959,
1504155,1.813499,
2222078,4.844623,
4117094,5.304838999999999,
2100168,4.429081,
7104547,2.5800780000000003,
7154795,2.242636,
4067902,2.646382,
8100212,3.0564,
2013804,1.664278,
7153314,2.411525,
2220709,3.744562,
7153660,3.400046,
4025691,4.324336,
2101889,1.835831,
2200734,2.470569,
7220020,3.640051,
7154984,3.411575,
2216868,2.924447,
2235597,2.430652,
4109054,2.550852,
8100648,2.986312,
7216497,1.870379,
8102005,2.479194,
1504876,3.730932,
2201096,3.995957,
2215041,3.358622,
2105849,5.225031,
7210454,3.685669,
4074004,3.188104,
4024037,3.366269,
4104445,2.634741,
7051496,1.652667,
7153802,2.805318,
7152126,5.6143,
2226802,3.921967,
1516523,3.536793,
7206221,2.793609,
1502903,3.27645,
2233756,2.174815,
2205468,3.2055720000000005,
2103497,6.8302380000000005,
2221417,1.679157,
2018420,3.248734,
7151569,1.272065,
7109725,2.8685530000000004,
4022442,5.030201,
4503807,1.659948,
1504887,2.909126,
2015520,2.233566,
1513077,2.525857,
2008704,4.622785,
4505259,1.976614,
1507217,2.010411,
4026862,3.332617,
4021202,2.386189,
1506562,3.880158,
4071996,1.965888,
2203241,2.739237,
2100136,3.324244,
2014143,2.088339,
4341214,3.737889,
1501810,2.531373,
4025721,2.39882,
2236860,2.788063,
2210569,2.653915,
1507339,5.534653,
7154622,2.153706,
4069463,1.962113,
7204910,5.014429000000001,
1507585,2.520644,
2200964,3.7701949999999993,
1518454,3.3295640000000004,
7151247,4.21464,
7153200,2.183257,
1507049,3.650614,
2233054,1.963669,
4029172,4.825876,
1504816,1.212752,
7210615,3.810032,
1511811,8.109426,
2203183,2.801232,
2300005,2.206118,
7150430,2.898251,
4506052,2.264667,
2217099,3.054048,
1543502,3.16013,
1506676,2.851795,
2219325,2.631906,
2239199,2.134827,
7153313,2.485556,
2221238,2.802465,
2201839,2.782886,
1501693,5.526134000000001,
2310114,3.426245,
4503598,2.044981,
4501733,2.583086,
4031815,4.227414,
7225610,4.325319,
7203483,2.395662,
4304134,3.372762,
7151929,2.957472,
2010775,2.233441,
4511431,4.751526999999999,
4077059,1.877914,
7224887,5.769575,
7150506,2.10582,
4023962,4.797537,
4083388,2.854026,
4023593,3.067703,
4022182,2.593867,
4027988,3.01858,
7154601,3.823768,
2201193,2.131212,
2014866,6.048686,
7101893,0.931344,
7107534,3.065313,
7115491,2.992087,
1520231,2.980421,
1502984,2.106936,
4028049,2.32718,
4023130,2.77823,
4026009,4.938291,
4339989,2.364473,
4023306,2.027209,
2000269,3.06366,
7052969,3.15788,
7150341,3.309315,
4029377,3.1988550000000004,
1543825,2.051952,
7225616,4.208321,
7218807,2.622601,
4513107,2.205202,
4504000,2.216896,
1512057,3.206338000000001,
1519511,5.8481250000000005,
7153946,3.23415,
2213556,2.340651,
7217704,3.407826,
2236654,1.509598,
7151011,1.6834639999999998,
2006811,3.099875,
2211048,2.562457,
4021618,3.901941,
4501924,2.76542,
2235852,2.743313,
4021808,4.008475,
7151922,1.710685,
4024393,4.594760000000001,
7015804,2.367804,
4120971,1.921245,
2014672,2.3115900000000003,
2006749,1.137072,
4024879,1.46504,
2200578,1.842155,
1506239,3.224278,
4024570,3.868117,
1531046,2.9841800000000003,
2219697,2.944924,
4027672,3.600059,
7225617,4.247321,
1502468,2.969609,
4512057,3.842481,
1502964,3.153191,
4072794,3.1994300000000004,
1517222,2.310028,
4025690,3.555772,
8103072,2.574359,
4307284,5.316652,
2005734,5.833902,
4123236,4.188086,
2210562,4.4385900000000005,
4030611,3.389073,
4512117,2.851074,
7150440,2.50356,
1515588,1.964562,
2214203,2.433055,
2006858,3.794606,
4022691,3.73177,
2205879,2.3401590000000003,
2233558,4.156193,
4026524,3.0463120000000004,
2225832,2.1212150000000003,
7220777,3.4203430000000004,
2210412,2.560448,
7054722,3.985023,
4511716,1.929684,
1507207,3.342967,
2219927,2.866585,
7202310,3.001751,
7206945,3.840255,
4512788,3.798824,
2211521,3.323226,
8101118,3.333496,
1518299,2.799501,
2206231,3.364839,
4028216,3.640133,
7030021,1.12012,
2100350,4.335883000000001,
2221925,3.492243,
7104493,2.651031,
1503447,2.775858,
4025889,3.1397690000000003,
4023165,4.536291,
7202386,3.382141,
4121851,1.729457,
2235999,2.739503,
2232471,3.028563,
1503104,3.726294,
4113362,2.031965,
4026542,3.145157,
7207558,3.333028,
7106806,3.723585,
2233462,2.7154740000000004,
2235656,3.425152,
7203995,2.076709,
1516526,4.268725,
1506210,3.624622,
2239994,3.108969,
4504304,1.991322,
4509673,3.065207,
2231568,2.5947690000000003,
1542859,2.6440269999999995,
2237927,2.990086,
2219807,1.7057030000000002,
2205701,3.148213,
4021409,3.4617029999999995,
4512561,2.699261,
7112235,2.459849,
2228828,4.523035,
7200442,1.817988,
4026678,2.828726,
2239851,3.93115,
7152128,5.555398,
2225227,4.532965,
4029041,3.487955,
4502006,2.301679,
2018627,3.505707,
2207293,1.99621,
2001865,2.85228,
1506570,1.6093240000000002,
7216706,2.7854210000000004,
2232145,1.769309,
2300454,4.6608,
2010507,4.114614,
4026507,2.364945,
2020575,3.377045,
4062241,4.254422,
7106822,2.343729,
2207099,4.206994,
2105103,5.157566,
7210354,2.8207890000000004,
2005606,4.877843,
7211978,4.199125,
4030009,1.695648,
2100603,3.120717,
2228950,3.860213,
2240985,2.326072,
4066406,1.973512,
4028508,2.93898,
2229067,3.158434,
7220085,2.498284,
4343606,2.7953710000000003,
4066538,3.882034,
7218374,2.9005840000000003,
7153444,3.009491,
4021508,3.488942,
2221705,1.4562070000000005,
2004247,5.060456,
4512790,3.815377,
4031924,3.129365,
2233704,3.76845,
4026652,3.707587,
2226155,2.959745,
1503774,2.834445,
4027608,2.013363,
4029671,3.209163,
2222007,6.089141,
2009703,4.064874,
4335262,3.131346,
1514325,2.762708,
4023699,3.246733,
7015844,2.035316,
2102625,2.819943,
4031083,2.912916,
1503101,4.407242,
2201723,3.519819,
7225886,3.675285,
7216063,3.3416680000000003,
7217146,2.296231,
4027062,3.427107,
1504005,2.419179,
2216167,2.065875,
7150987,2.670077,
2223860,2.357034,
4031003,2.723771,
2014812,1.7897269999999996,
4068113,1.8732020000000005,
4024841,1.991884,
4085862,2.7499649999999995,
2009553,2.765302,
7205833,4.458659999999999,
7115578,3.764341,
7151188,3.1116900000000003,
2227397,2.853526,
2216273,3.079571,
4023546,3.411457,
2015749,3.409217,
2012148,1.5513869999999998,
2224643,3.873056,
7154450,2.834673,
1503371,2.681138,
2216146,2.107463,
4070006,5.522587,
4122945,4.234038,
4024784,2.839076,
7150542,2.7659390000000004,
2300303,1.6080260000000002,
4066256,1.7639210000000003,
7118596,2.562163,
2100606,2.915902,
2010109,1.815501,
2014391,2.573029,
2220770,2.434863,
7200459,3.907464,
4022239,2.5499,
4030595,2.980484,
2238762,2.775511,
4027605,3.196162,
2233430,3.424575,
4068626,0.645363,
4513111,1.557665,
2207596,4.9248590000000005,
7105918,3.386071,
4029383,2.813463,
7117403,3.107055,
4513790,3.331343,
4027225,2.2380000000000004,
2005880,5.296406999999999,
7152403,2.382111,
2005533,4.2154,
7151210,1.76966,
7213057,1.5183590000000002,
4508210,3.151447,
7153626,2.9988870000000003,
4108808,2.4715580000000004,
7214754,1.4327,
1507324,4.513853,
2203591,1.946737,
4020432,3.599418,
2217757,2.683082,
2222905,3.124818,
4508326,4.038258,
4030053,2.913879,
2215306,1.92235,
2210974,2.602293,
1505218,3.643482,
4026747,3.403683,
4505740,3.643223,
2100180,4.357424,
4023476,4.717298,
2018928,1.703269,
2216834,2.093893,
1505581,4.128283,
1100280,2.485538,
4029342,3.026631,
1511803,7.689449,
2102181,3.788707,
2015149,4.090597000000001,
2207070,3.055327,
2105961,2.501009,
2020522,3.582777,
7036598,3.351465,
4030598,3.0023380000000004,
2221675,2.712298,
2104630,4.067162,
2227083,3.195266,
7206440,4.544215,
2233071,3.449169,
4507391,3.009052,
2218003,3.757366,
4023648,2.865581,
2020507,3.505743,
7203649,2.781007,
4114973,2.697886,
4026314,3.294659,
7154445,2.566527,
4025684,3.4687080000000003,
7028178,3.224072,
1501932,3.006342,
4024390,2.861961,
7150254,2.6581300000000003,
1516197,3.117097,
2239345,2.419627,
7152118,5.5571790000000005,
1503258,2.974416,
2201744,3.787142,
1520414,3.244916,
4021090,2.791643,
2229494,1.840921,
2237201,2.709701,
2233137,3.574751,
4075914,3.377683,
4028524,2.6814590000000003,
4022223,1.4882939999999998,
2200204,2.413805,
2240394,2.3891790000000004,
4023261,2.7698790000000004,
2100604,3.118322,
7213315,5.516878999999999,
4511506,3.045877,
7152032,3.951041,
2225615,3.845085,
2105031,3.317018,
2100146,3.995651,
2224009,4.008858,
7213590,2.8911740000000004,
1519800,2.5098860000000003,
2211702,2.494229,
4105932,2.658301,
4029470,2.678936,
1514220,2.02306,
4028528,1.664991,
2002007,3.043237,
4023981,3.735286,
2201894,2.4073830000000003,
4086195,3.857729,
1506107,3.810694,
2229123,3.094338,
7036389,2.8408450000000003,
4112655,4.735850999999999,
2102125,3.303324,
1542382,2.296922,
4510184,1.841947,
4027029,4.326682,
2015161,2.097669,
2209765,3.3149450000000003,
2208058,6.667968000000001,
7206740,1.854574,
1502585,2.74525,
4023003,2.342473,
4029854,2.943992,
7211358,3.066652,
4068004,1.0971459999999995,
7108094,2.955623,
2106004,3.0290790000000003,
2224076,2.022726,
7153771,2.857999,
7208267,2.5074310000000004,
7151548,3.690101,
4082549,3.281408,
4304453,1.4652599999999998,
7106431,4.003794,
2018247,3.013342,
4308321,3.695086,
1502289,2.389133,
2214732,2.7852210000000004,
2204529,4.457781,
4022443,2.751384,
1514172,4.063374,
2235702,2.888663,
4031751,1.521057,
7019699,3.276698,
4113700,2.683914,
4123281,3.527909,
1518651,2.825762,
1504567,2.296413,
2007436,2.138751,
2213102,2.846509,
8101121,3.314672,
4114328,2.643976,
2216682,3.144344,
7150338,4.669519,
1512342,2.712356,
2227569,2.263469,
7151611,1.471073,
4022453,1.224328,
2016192,2.123741,
7118247,2.932523,
2300004,2.179095,
7225252,5.409983,
2237544,2.720808,
1508279,3.69064,
2211062,3.02035,
2009993,2.125088,
7152706,3.301412,
2231337,1.207516,
2219257,3.376917,
2203470,3.817752000000001,
2227877,3.238979,
7154320,4.08521,
7153841,2.781782,
4503137,5.691509,
2201154,1.922845,
2006784,4.530454,
2222503,2.6556450000000003,
4030963,3.073974,
4304454,1.423496,
4023068,2.71804,
4080621,2.258329,
2100230,3.327937,
4027518,3.016694,
2200158,3.5372630000000003,
7154839,2.518642,
4073193,2.675925,
2011310,3.812091,
4024540,3.725464,
2208920,2.688174,
2202478,2.785584,
2006743,4.032567,
7152905,2.836389,
1501907,5.191677,
4023270,2.300485,
4505326,3.715442,
4505256,4.818442999999999,
1503809,3.318816,
4102296,2.764043,
7108188,3.794901,
4068623,1.1370360000000002,
2105102,5.2400850000000005,
4023048,2.752801,
2200591,1.979006,
7150046,2.5283999999999995,
7153229,2.922082,
4324442,3.438402,
1504920,3.2444770000000003,
2229630,3.010393,
2235910,3.454788,
7217012,3.584902,
2201332,2.691461,
7016852,3.0932319999999995,
7219235,2.665344,
2223503,2.8422,
4021371,5.13086,
4507993,4.877522000000001,
7100664,3.746398,
1507157,3.38597,
2213530,3.517652,
7203295,2.322692,
7216293,3.704663,
2213143,3.616875,
1543803,3.732387,
4505188,2.872641,
2018149,2.68157,
2213489,3.5901440000000004,
2221528,2.7730300000000003,
4029652,3.343019,
2100841,5.6899880000000005,
2236548,3.342439,
7203374,2.997813,
4020895,4.277645,
7116536,1.74297,
2231003,1.79243,
8000146,2.051681,
4027406,3.0246180000000003,
1502249,4.766041,
4020998,3.565317,
7152278,4.143275,
4031856,3.495313,
1507115,2.064857,
7154917,3.114824,
1506951,4.906892,
4025769,3.585448,
1503750,2.174549,
7020453,2.9476029999999995,
4066472,2.6992140000000004,
2239272,3.855288,
2217667,3.673257,
2100666,4.593814,
2300456,3.213503,
4061498,2.45111,
2216524,2.2505680000000003,
2209986,4.75339,
2201656,1.721179,
4026159,3.373221,
7213410,3.450013,
4505311,4.07092,
2224322,2.668398,
7224061,2.950236,
2217374,2.538208,
1508785,2.459411,
2203033,3.018922,
7100673,2.982234,
4023637,4.994432999999999,
7150363,3.069312,
4030669,3.310861,
1503553,3.723857,
2209253,2.766872,
1513487,2.663775,
4026402,4.455185999999999,
2237200,2.914955,
7117258,4.3481760000000005,
4061578,2.564507,
7206365,3.19784,
7151833,3.742732,
7154420,3.334743,
4022864,3.696042,
7116788,2.41279,
2010804,4.185988,
7151857,3.571288,
2213979,2.674411,
4501920,3.008604,
2225517,4.690352000000001,
2013457,2.578952,
4025618,2.071685,
4021521,4.080756,
1503109,2.996065,
4505532,3.200015,
2017778,1.350429,
1517179,4.245384,
1507261,2.836818,
7050960,3.583291,
1506475,2.576637,
4026189,2.342905,
2001327,3.523509,
4071898,3.418578,
7040122,4.389868999999999,
1505973,3.702897,
4022631,4.623486,
4066776,2.697255,
4026175,2.507502,
2236564,2.881968,
2100677,2.8900550000000003,
2004694,3.5447050000000004,
4026436,2.737483,
2210586,2.7969280000000003,
2005371,5.464975,
1503746,2.889431,
2100237,5.072915,
2241714,1.941581,
2210673,2.085987,
7102983,2.438067,
1512311,4.475348,
2240622,4.061505,
2009376,3.406845,
2241627,2.143527,
2210907,3.328736,
1504336,4.858622,
7153372,2.842814,
7214412,2.845559,
2010023,1.884989,
4029524,3.781846,
2009687,3.171077,
7112222,1.113452,
2239953,3.853796,
2225708,2.30068,
4025868,3.583972,
2213253,2.494454,
7217457,2.57745,
4031517,3.467704,
2219379,2.8188310000000003,
2102120,4.827979,
4507014,2.561777,
4025403,4.273418,
2208251,3.806171,
4104553,3.756949,
7117263,3.277763,
7152303,4.384543,
2238328,2.358973,
2000970,2.339856,
2234463,3.253428,
4028905,2.456854,
7208573,2.689737,
7154444,2.318109,
2019247,2.114334,
4024693,3.257198,
2235417,2.626933,
2210376,2.280532,
7107342,4.52867,
7208191,2.954645,
4100614,3.514295,
2015142,4.038476,
2235134,3.1786890000000003,
2011752,3.380358,
2230935,2.196208,
4081241,4.175903,
2224368,2.673483,
4110683,2.919512,
2105153,5.300692,
2006066,3.81688,
2003451,3.5900410000000003,
2100994,4.024367999999999,
2015289,3.755208000000001,
7152953,3.447512,
1512223,2.289438,
2218096,2.900596,
2233483,4.069926,
7152880,3.579279,
4118124,3.0113379999999994,
7212505,2.845908,
8101775,3.658454,
7212449,3.263864,
7153389,1.770055,
4508987,3.707336,
2204739,3.501087,
1505471,1.243156,
7150327,1.298813,
4505801,2.6153630000000003,
4020539,4.028097000000001,
2208803,2.574521,
4071061,2.954533,
7151832,1.709668,
1519948,4.661633,
4070648,2.753702,
2017829,3.161131,
2105150,5.236081,
2016642,2.540289,
7155126,3.041144,
7001920,2.665032,
7154592,2.907481,
2003921,3.729236,
4508435,1.672545,
4501615,3.068164,
2203342,3.5489770000000003,
7152122,5.628585,
7218456,4.034167,
1506648,4.479155,
7215820,0.4106780000000001,
7226141,2.730356,
4329827,3.023354,
1100276,3.634578,
1504706,4.190028,
2211262,2.114052,
4504936,2.751538,
1516748,3.60137,
4124723,2.734552,
7106433,4.017529,
2200195,3.447445,
4022377,2.255819,
2001179,3.85821,
2006767,1.7985770000000003,
4028512,2.493313,
4322428,2.542997,
4024208,3.822042,
4022665,3.912405,
2011291,3.46631,
2105085,2.269768,
1514255,2.6715150000000003,
1506940,4.333598,
2013889,3.548029,
7219809,2.513563,
2216372,3.172231,
2009129,3.878369,
4028586,1.771404,
4510612,2.805168,
2000821,2.049497,
7002017,2.058618,
2015476,3.832705,
4068987,1.653846,
4065116,1.789411,
2204732,2.232622,
2215642,2.480374,
1503865,2.522327,
7111102,3.277334,
2237962,2.586782,
4031071,2.876777,
7204351,4.83226,
2221242,2.898022,
7153936,1.946288,
2203177,2.897424,
4075962,3.859218,
2217870,3.2090810000000003,
2104247,4.172674,
2215480,3.288724,
1540618,2.748704,
4021408,4.683,
4021802,2.1891550000000004,
2212630,2.659536,
7212900,4.901553,
7207556,3.356034,
7154345,2.071754,
7028988,2.6552,
7150673,3.399014,
2005568,6.421573,
7054652,3.008155,
2231959,6.070496,
7100432,2.995478,
2009254,3.679363,
2240172,2.754348,
7216708,2.401582,
2221754,2.958657,
1506737,5.386873,
4027482,2.07161,
7212175,3.478676,
4025738,2.330238,
2212167,4.306151,
4029185,2.389306,
7206680,1.922922,
2011709,1.911937,
4026345,2.7902249999999995,
2240974,3.431018,
4023036,3.5209080000000004,
4513464,2.787481,
4504540,3.134628,
1504305,2.112553,
2228149,2.056053,
1513438,2.3623580000000004,
4072885,2.334239,
4031127,2.03412,
2212235,3.327807,
1516633,3.196701,
4029644,3.138142,
2236881,3.158829,
2206997,2.347313,
4509407,0.571483,
7052536,2.288219,
4503840,1.579729,
4023764,1.569772,
2310118,3.400625,
1516089,1.364207,
1505960,3.79702,
1501831,4.680782,
1505531,3.5389090000000003,
7150550,3.444688,
7208134,2.074355,
4105418,2.814858,
1516091,1.232069,
2237396,2.140086,
2230282,2.12843,
4120035,1.417431,
2009900,3.795124,
4029222,3.63582,
7152768,3.093915,
4078828,4.588478,
4500415,1.877535,
4501567,1.821642,
4029658,2.722054,
4078176,3.028433,
2217839,5.040879,
7104147,4.827176,
2230532,2.8648320000000003,
4027717,3.258283,
4023688,2.510698,
2005769,2.88127,
4022789,3.148244,
4102221,2.68205,
2228298,2.645486,
7211564,2.343478,
2215104,3.090669,
2212493,2.561291,
7212658,3.289261,
2206536,1.665977,
4119386,4.757118,
4021611,2.277074,
4504003,2.675548,
7204919,2.100067,
4001142,1.7801129999999998,
2223233,2.437246,
2004613,4.289762,
4030022,2.524733,
2224944,1.179674,
4066098,2.338679,
7117150,3.831572,
2233299,2.15554,
2235552,3.357745,
7150297,3.797776,
2011892,2.737899,
4027471,3.788999,
2236968,2.055354,
2225094,2.178281,
4024947,4.988726,
4083912,2.620964,
1506537,3.005682,
2207419,3.038971,
4065001,2.652044,
1502576,2.936185,
2213054,1.813375,
4060778,3.4082729999999994,
4508672,3.64485,
4025879,2.460639,
4112230,4.360115,
2015511,5.287756,
4113908,2.580745,
2236729,2.4031700000000003,
2014556,1.730652,
4020189,1.75315,
4067368,3.617286,
7151045,3.100259,
1504983,3.719523,
7202803,3.582072,
2231484,3.292464,
1540376,4.437521,
4502292,2.49688,
2003675,1.996429,
4083730,2.868824,
7151027,3.242112,
2226551,1.861003,
7000071,3.144121,
1540507,4.1264140000000005,
2009671,3.568828,
7153818,1.802937,
2010831,4.936832,
4026810,3.02423,
7225196,2.449109,
7152912,2.457472,
2008825,3.6572900000000006,
2011863,5.638812,
1503135,2.498258,
2223319,2.663251,
4503625,3.78994,
2230680,2.800287,
4115757,1.93339,
2201781,3.206159,
1507030,3.669355,
4023606,3.770756,
1516365,2.241286,
4068706,2.556875,
7214504,5.295043,
4508670,3.530346,
1502478,2.944846,
2241813,2.665263,
7001114,2.107275,
2009029,3.971633,
4118866,2.219093,
2018208,3.337896,
2211957,3.28139,
2013375,3.060299,
2105094,5.304514,
2013888,4.335769,
2013350,2.917608,
1506052,3.3182,
1505395,3.318587,
2105099,5.247695,
4064554,2.843507,
2208765,4.545596,
4500395,2.0497180000000004,
4031151,3.812455,
2011508,2.474428,
1517387,3.442712,
2019190,2.830644,
4330185,3.960034,
1517232,3.66963,
7201186,1.576906,
1517379,2.876554,
4511722,4.123975,
8102598,3.1427940000000003,
1507716,3.234311,
2203920,3.266499,
7201290,1.3944449999999995,
7204664,2.305048,
7208529,2.9203870000000003,
2240069,3.171057,
4028364,3.888426,
2230685,2.690639,
2209869,1.7635009999999998,
2209341,2.898652,
7153203,3.680282,
1504617,3.096144,
4062335,2.926028,
4026643,3.105594,
2206085,2.441583,
4024031,3.272353,
7115863,0.9405319999999996,
7016058,2.430088,
7101970,2.907719,
7206640,4.153301,
2240558,4.570234999999999,
2105104,5.147149000000001,
2222127,4.167052,
1507839,3.5190900000000003,
2202134,5.381188,
2018313,2.90123,
7225858,5.044559,
4085356,3.77817,
7220019,3.725747,
4501702,4.453643,
2224624,2.0767300000000004,
2105851,5.250482,
1515881,2.074765,
4025955,1.0055760000000002,
2212550,3.821137,
2006725,5.793298,
2019946,1.860166,
4028763,3.292743,
2006723,3.109934,
2016292,2.431844,
4026203,2.229056,
4120464,3.5528379999999995,
1506542,3.373304,
7152209,3.280536,
2210168,1.586539,
2212411,1.774967,
4031288,2.134145,
7153244,1.579476,
4115818,4.115139,
4063883,2.757278,
1516607,3.93833,
2011762,4.410072,
2221416,1.4981749999999998,
4028577,2.6305,
2240539,2.996099,
4029604,3.134313,
4030028,4.387853,
4114720,1.969185,
2200004,2.951449,
7113329,3.163037,
4081634,4.135403,
4102813,3.237385,
4028172,2.2441120000000003,
1504024,2.064516,
1505528,4.850028999999999,
7154399,3.236572,
2000326,3.303918,
4026348,1.7187020000000002,
4025061,4.147194,
1507715,3.274308,
7219319,5.174437999999999,
4025293,2.861537,
4023110,2.4196349999999995,
2231893,3.164015,
4025173,2.931769,
2020587,2.342265,
4507997,4.920248,
2221624,2.366559,
7151259,2.19471,
7152888,1.5856789999999998,
4115758,1.977608,
1517489,3.515804,
4029842,1.246635,
2210911,3.756936000000001,
2310122,3.417777,
1502471,2.5151570000000003,
2210420,3.143056,
7215206,3.490831,
2203733,2.67536,
1505113,1.689429,
7021993,2.897301,
7007667,3.885921,
7213816,3.267614,
2233420,3.274812,
4023305,3.564628,
4073618,2.857159,
2236500,2.007517,
4505215,3.345053,
1505342,3.915514,
7206735,2.183543,
7005171,2.6857990000000003,
2107965,2.139073,
1503380,2.49601,
2229769,2.890655,
4027873,3.1071380000000004,
4344171,1.938514,
4026208,3.534393,
2001736,2.631163,
7151059,3.653817000000001,
4028560,2.608011,
2231295,1.5253530000000002,
4025266,2.130566,
4085351,3.422905,
2219136,3.4840540000000004,
2201899,1.634828,
2222340,3.87007,
4066184,1.6512749999999998,
4023268,2.584605,
2103836,2.75544,
2015994,3.14632,
2007121,2.877684,
4025805,2.973891,
4022949,3.306518,
2203329,3.36539,
7225140,3.302699,
1517457,2.9256269999999995,
2310146,4.395060999999999,
7154424,4.470593,
2233232,3.601782,
2003103,5.014375,
4506579,2.714447,
4116667,5.47404,
7214420,4.456497,
7100977,1.939329,
7151068,2.890154,
7218900,2.740754,
2228356,2.820152,
4310493,2.477386,
2105152,5.212379,
2203207,3.043997,
1503502,2.943328,
7037846,2.219841,
7153949,3.095396,
4028710,4.989228,
7150668,2.7482990000000003,
2004677,1.522642,
2105842,5.207345,
1507200,3.734348,
2016448,5.42283,
4030061,2.272182,
2223943,1.885621,
2226550,2.810604,
4109226,3.713602,
7212922,2.844944,
2005581,5.328878,
2300230,3.636516,
8102321,3.887637,
7210185,1.3634970000000002,
2018697,2.851478,
2218391,2.615216,
4503035,3.392566,
7225628,4.109574,
2215923,3.031325,
4082504,4.094104000000001,
2215828,3.15702,
2208364,2.275996,
1516969,4.3358490000000005,
2310117,3.4081589999999995,
2223886,4.768951,
4000924,1.495279,
4505017,4.761088999999999,
2225245,3.628778,
7153071,2.300999,
2208022,2.9785570000000003,
2016265,3.019354,
2230924,3.1168440000000004,
2010682,2.777997,
2010563,4.1016710000000005,
1504904,1.82263,
4105415,3.0557930000000004,
4082387,3.817003,
4024135,3.433949,
4063307,2.7631270000000003,
2236320,2.616231,
2010228,3.487844,
2235439,3.43482,
2229673,5.176421,
2221264,2.965052,
2214647,5.451707,
2227996,3.823879,
2017699,2.675759,
4506821,3.553023,
4083197,2.37292,
1508783,2.549608,
2004500,0.5595779999999997,
1511806,8.41568,
1503252,3.72858,
2223177,2.069556,
7152092,4.424036,
2222327,2.580298,
4508000,5.162367000000001,
1542992,1.522004,
2216737,3.200429,
4083244,2.735416,
1512226,3.732234,
2001647,4.241832,
2221346,3.432721,
2219040,3.3079849999999995,
2224358,3.124222,
2104839,3.0939080000000003,
4028930,2.741343,
7151500,3.287427,
2219977,1.678411,
4022929,1.4403199999999998,
2216404,2.389957,
7153013,2.884309,
7212025,4.562113,
7055101,3.490578,
4064987,1.696189,
7206362,3.455505,
4020273,3.722665,
7151414,5.810914,
4027870,2.970053,
2200020,3.900233,
7206519,3.996368,
2205748,2.934256,
4120782,1.914026,
4115566,2.3236090000000003,
4086052,2.492997,
4027875,2.8655350000000004,
4031074,2.609248,
7151142,3.366876,
1502122,1.725853,
4023080,2.568149,
4026999,3.036382,
2101879,2.766117,
4510653,1.746046,
4506809,2.417802,
4083034,1.984353,
1508295,1.753253,
2202050,2.4888089999999994,
7154899,3.143193,
2207610,4.995485,
1508801,3.245872,
2217926,2.859617,
4511893,1.862869,
2001962,2.5853080000000004,
2018534,1.95756,
2004743,2.983219,
7153338,3.088784,
2004403,1.931975,
2101832,3.088677000000001,
4028109,2.73487,
7104497,2.461787,
4027291,1.578859,
4123577,4.430626,
2009889,4.436063,
2310007,5.122288999999999,
8101156,4.64586,
4513700,2.642175,
2203154,3.5082280000000003,
2012992,3.226551,
1515926,3.668704,
2019315,3.084638,
4070045,4.585816,
7224786,3.835823,
7224699,2.38954,
2100349,3.960569000000001,
4070889,2.6000880000000004,
4029687,3.382039,
4500158,3.334589,
7151726,4.495037999999999,
7214477,2.954973,
2104174,5.413735,
7219427,5.270126,
2105848,5.263737000000001,
2236636,3.241671,
2017456,2.116728,
7053214,1.905065,
2230868,2.98828,
7226276,2.6264959999999995,
4024074,3.85774,
7115395,3.355337,
2236847,2.650258,
4020211,4.272252,
2200527,3.991746,
4072274,2.549572,
2226602,1.707366,
7207595,2.794085,
4030979,2.710983,
2203120,3.77639,
4025123,3.732502,
2013756,2.306536,
2231273,2.682862,
1506543,3.586689,
2006821,3.726256,
2015336,3.982531,
1516631,3.173122,
4026838,2.606241,
2000526,3.939189,
2219602,2.368655,
2019325,2.011063,
2223904,2.58486,
1543625,3.552576,
7152359,2.410562,
2211978,2.960295,
7204618,1.232364,
7219486,4.203913,
2010982,1.926854,
2202631,3.686947,
7152630,2.433321,
2235643,2.8181350000000003,
2235795,3.118044,
7205195,3.763055,
1503312,3.1236930000000003,
7221938,2.653745,
2241596,2.279106,
7206435,2.659097,
1505964,2.529955,
1504979,4.018993,
2105114,4.4144890000000006,
7153167,1.551589,
2201886,4.3478900000000005,
1501691,5.53162,
7221738,1.205318,
1501839,3.636604,
7201668,3.520523,
4024277,1.4345090000000005,
2232897,3.055613,
1542697,1.963128,
4020833,2.471563,
2223023,2.710827,
7105768,2.917157,
2015758,5.964047999999999,
2007384,4.371464,
7150276,2.441133,
4072140,2.895129,
7214478,3.034568,
7115800,2.397818,
2205022,4.39129,
2218516,2.733243,
7054719,3.85259,
4061628,3.818539,
2016369,4.123444,
2210988,2.783326,
2241768,3.237298,
1516195,3.57093,
2006883,3.5401350000000003,
2231019,6.679562000000001,
1507954,5.298865999999999,
4020659,2.9145790000000003,
4022286,3.1940220000000004,
2105121,4.470251,
7225637,3.582737,
7112233,2.377144,
4513345,2.327819,
2238245,2.209826,
4509389,1.6461390000000002,
8100577,2.761222,
2005693,2.766844,
4507558,4.45515,
1507336,4.208423,
4029138,3.155934,
7109535,2.673423,
2004864,1.204616,
7105119,3.731054,
4027400,2.822878,
1504925,2.892522,
7111706,3.572968,
4109971,5.135484,
4022692,3.75355,
7151637,2.8865540000000003,
7053223,3.4388940000000003,
7152284,3.3623340000000006,
2212295,1.775007,
4030593,2.420671,
4022032,3.5219400000000003,
2226452,2.034136,
1516780,2.315996,
4026719,1.960384,
1504299,2.021485,
4103804,3.43893,
2102303,4.898715999999999,
1513950,2.88767,
2219518,2.6428899999999995,
7207674,3.509404,
4024154,3.655619,
4024157,2.062162,
4029472,1.79468,
1505071,2.9971240000000003,
2208907,3.107342,
7154767,2.1615969999999995,
1518467,3.466231,
7213185,3.263308,
2100229,3.2978,
2014179,2.679369,
7150848,2.9510210000000003,
4068628,0.909978,
2006947,2.917746,
4083249,2.719238,
7112833,4.301804000000001,
1512048,3.847285,
2203950,3.5465940000000007,
4508154,4.715729,
2015011,4.924788,
7217221,3.105554,
2104852,4.326126,
2007736,2.554576,
7150337,4.265084,
4513393,3.262504,
2012174,3.196257,
7109314,2.241248,
7204194,2.736707,
2103262,3.924978,
2206414,2.404875,
2218474,3.528951,
4327392,3.215396,
4026516,3.529903,
7215663,4.66909,
4023906,3.197289,
1504086,2.999143,
2233903,2.616032,
2211278,0.83261,
2017425,1.318113,
1502639,2.288536,
4303925,3.607743,
4026182,2.450249,
2004523,3.25058,
2005782,3.1349290000000005,
1502939,2.805452,
4021076,3.566841,
4028440,2.704875,
4030413,4.0567,
2201857,3.255059,
7151883,2.888043,
7150804,2.736496,
1503536,2.86019,
7208832,3.566258,
2010450,3.079055,
4023726,3.847995,
7100636,4.471513000000001,
4030767,3.330893,
2207775,2.956255,
2016646,3.121311,
4110676,4.409758999999999,
2212529,3.876727,
2203730,2.90024,
4022680,2.494813,
4028189,3.3009509999999995,
8102640,1.816065,
2241160,2.362625,
1504050,3.384915,
4111146,3.946961,
4107430,4.639919999999999,
1501791,5.392009,
2222064,3.625164,
2103496,3.254643,
7032016,3.319878,
2202604,2.569417,
4021944,5.75166,
7150169,3.2473340000000004,
2009805,2.979385,
2230945,3.780487,
7053272,2.441197,
2300012,2.50096,
7113928,2.8736490000000003,
7150099,3.966896,
7151326,4.560678,
4025408,5.748577,
2105047,2.324789,
2010342,0.8941760000000001,
7154085,3.454171,
2100524,2.9694480000000003,
2222634,2.695246,
4101509,3.357497,
7152125,5.619043,
2239873,3.419725,
4505914,5.037622000000001,
8101867,3.953232,
7152393,3.229777,
2237176,2.768353,
7205626,2.221633,
4327508,2.578592,
2235733,2.216046,
1520634,2.871561,
4025050,3.068637,
7226275,2.388043,
7205284,2.231742,
1512086,3.561638,
4513217,4.350734,
2300008,2.257989,
2103052,2.612711,
7220700,1.969348,
1508859,2.4317640000000003,
2216337,2.4227740000000004,
7214505,5.376412,
7204265,3.781246,
1504993,2.878639,
4511848,2.287738,
2240701,2.855565,
1543115,4.773155,
2014741,3.427201,
4020963,5.069312,
7153322,3.0604,
2234662,3.494225,
4510928,1.1448840000000002,
2202924,3.306639,
2011642,3.640633,
2232898,2.367035,
7153552,3.176588,
7152397,3.105805,
2216894,3.455426,
4335268,4.632149999999999,
7223502,3.112981,
4023044,2.331288,
7150326,1.3291560000000002,
4024251,2.970274,
2239306,2.470327,
7154006,3.970791,
1529193,2.780508,
4503587,1.552247,
1504291,4.095394000000001,
4079576,4.127122,
4107223,3.557526,
7118163,2.9555320000000003,
2234898,2.50964,
4030583,3.1799859999999995,
2213250,1.783297,
2003044,2.275714,
1507002,4.865562,
2220789,3.153265,
7050146,5.170619,
4120419,3.054724,
2236237,2.9161270000000004,
4023175,3.055528,
1516340,3.367366,
4504367,3.84128,
2235292,2.688412,
4024935,3.438896,
7053264,1.982889,
4082230,2.6930370000000003,
4501704,4.438205,
1542702,2.697855,
4029241,2.9681500000000005,
7212088,2.982088,
7101854,2.9835519999999995,
2013648,3.822983,
7224646,2.181164,
2102809,3.783655,
4500369,3.523403,
2104966,2.7206200000000003,
4067686,5.407562,
7207729,2.0968530000000003,
2232072,2.0559000000000003,
2236933,2.743793,
2105562,2.0011520000000003,
2213295,3.5377469999999995,
4030715,4.990279,
4508012,5.257087,
7201799,2.2126910000000004,
1508940,1.706104,
4022432,2.792882,
1507539,2.699662,
8101083,3.581483,
7214756,1.84157,
2239928,2.666086,
2221472,3.428466,
1505805,2.860321,
4026496,2.802658,
7152686,2.050062,
4116828,1.965428,
2237049,2.990737,
2311084,3.220048,
1508286,3.003474,
7214501,4.817953,
4504864,2.264056,
2204075,2.4834560000000003,
7052926,1.852148,
7207560,3.4980329999999995,
7207305,1.955119,
4503323,0.407953,
2226042,2.995325,
7202969,1.636909,
2201484,1.6840510000000002,
1508300,4.190506,
4068332,1.42339,
7152914,4.580384,
2219243,3.969029,
4026035,4.337781,
2223210,2.827019,
1503513,2.614276,
1504610,2.83246,
2004727,3.162097,
7018098,2.4932040000000004,
4122417,3.689197,
1506974,4.767013,
4510937,3.769688,
2218919,3.5245360000000003,
2212632,3.882567,
2239365,2.904758,
2015769,3.76126,
4021490,5.17926,
4028350,3.0207429999999995,
4029617,3.4004640000000004,
2004532,3.107878,
2218689,1.91985,
1507251,2.4004639999999995,
1513282,6.240673,
7104548,3.210371,
7054159,2.4507950000000003,
2105852,5.297802999999999,
7154920,3.802442,
4030071,2.7336659999999995,
1519923,5.474223,
7213282,4.401871000000001,
2212131,3.698775,
4064249,2.393467,
7209078,3.192226,
7220432,0.6876629999999999,
7112232,2.35007,
7154449,2.638011,
2223800,2.946865,
2239884,3.693948,
2203344,4.393993,
1100275,3.132065,
2010289,2.940758,
4021791,1.951133,
2020461,2.958871,
2208250,1.911101,
2235621,3.248266,
4023806,3.855732,
7219670,3.1138130000000004,
7053818,2.676513,
7154633,2.81792,
1504044,2.4084380000000003,
2217140,1.754858,
4025250,3.29524,
2016032,2.4531780000000003,
4026574,2.917394,
2016654,3.505726,
2229629,3.094233,
2206726,4.084726,
2017086,3.113894,
4333003,3.088519,
2014266,4.245781,
2019296,5.455928999999999,
1542881,3.123507,
2010590,4.285335,
2003687,3.673855,
4123301,4.569707,
7220415,2.547048,
2217051,5.562804999999999,
4026840,2.781738,
4511521,1.762274,
4022939,2.833202,
7219096,5.206460000000001,
2010277,3.206078,
2226497,2.150662,
2008190,2.709753,
4301453,4.084052,
7116634,1.644737,
1506890,3.219042,
2201044,5.195595,
1516413,2.665087,
4114360,2.385778,
1519348,3.275824,
2011617,2.363214,
7111934,2.649624,
4022981,2.111117,
7150744,4.636042,
2201315,1.95625,
1520682,2.002143,
7153848,3.642713,
4507669,5.175788,
7117264,3.973075,
2004277,4.457109,
7151144,3.230076,
4023907,3.105144,
2226797,2.456367,
7109267,3.703976,
7152815,1.1917559999999998,
4071095,2.477945,
4113696,2.123558,
2006080,2.759679,
1517982,2.607355,
2212078,3.422705,
4028396,3.302584,
2105867,3.19413,
7208662,6.544724,
4501735,2.819965,
2241302,2.846583,
4069613,2.5209650000000003,
2232098,4.53497,
4124310,3.0054730000000003,
2211074,3.130741,
2005607,4.980801,
4022767,2.139492,
2231857,3.930603,
4321582,2.833108,
2213052,2.225959,
4028227,3.83849,
2201826,1.919277,
4114045,4.907663,
2238286,1.6088239999999998,
2203981,2.454322,
4028223,3.572793,
4114923,3.266985,
4029955,3.4049249999999995,
2001257,3.677707,
4021228,2.637492,
4504099,3.1966860000000006,
2017467,2.7774,
7105760,3.517083,
7039954,3.805969,
2215016,3.146662,
1504227,3.413989,
4020777,3.675802,
7225631,3.811197,
2216119,3.371915,
4060578,3.2298630000000004,
4070532,3.468926,
2224262,3.619193,
2227312,2.112415,
2214486,5.164517,
2102175,3.809748,
7151862,3.072345,
7025864,2.0633480000000004,
1508878,1.859357,
7219797,2.333717,
2100386,2.360966,
4124940,3.006853,
2210389,2.832943,
7104492,2.442423,
4023452,3.164708,
2101097,3.735521,
2216194,3.1954739999999995,
4103906,2.270292,
4027991,4.460914,
2018162,2.091526,
4331054,3.802379,
2100014,5.392059,
7151212,2.5218890000000003,
2239069,2.86469,
7153680,3.210942,
4023361,3.661345,
2217290,2.448748,
2226275,2.869215,
7153456,2.985631,
7151787,2.843312,
2100665,4.716445,
7151287,2.980683,
1506315,2.781649,
1520187,3.319241,
1516766,2.5344110000000004,
4021066,3.512318,
2209739,2.777759,
7103044,2.075774,
7152401,3.974455,
7051258,0.130028,
4335237,3.626731,
7208572,2.7862409999999995,
4083069,4.020325,
2220345,2.1775710000000004,
7117266,3.91169,
4021633,2.20651,
1504807,3.678394,
2227485,4.722808000000001,
2206994,3.0682210000000003,
2210262,1.704009,
7106579,1.987528,
7152486,2.3823930000000004,
4025132,4.442196,
2200807,2.6667470000000004,
1507570,1.6828530000000002,
2003030,2.429728,
4511964,4.5395840000000005,
7050194,3.429114,
7219787,2.486128,
7216285,2.146267,
2105568,3.692166,
2202917,2.578947,
4025397,3.4556440000000004,
2240209,2.638697,
2239651,3.817391,
7151735,4.418005,
2239503,3.533521,
2103898,4.348608,
7116632,1.846145,
7200728,2.499089,
4106738,2.690422,
1504820,2.764731,
2228808,2.9202280000000003,
1505307,4.625649,
2203320,4.154673,
1512590,2.671544,
4024413,3.783279,
2237102,2.696918,
2218392,3.972354,
2020324,2.1819240000000004,
2103721,0.6195370000000002,
4509841,4.861093,
2214139,2.085855,
2221855,2.471329,
2238836,3.680941,
4020910,1.980292,
4022514,2.689047,
4021284,2.621957,
4510650,1.6870759999999998,
7224726,1.066053,
2209098,2.306213,
2201045,3.300324,
4082838,2.677768,
7153099,2.298782,
1520166,2.9977080000000003,
2224426,0.431881,
4104609,4.626725,
2225539,2.925454,
4108184,2.9978040000000004,
7200564,2.778244,
7206298,3.429048,
2001800,3.372161,
1518495,3.0086130000000004,
2000702,2.688911,
2000268,2.697457,
4066481,2.665799,
7152117,5.757027000000001,
2220624,4.212118,
2231697,1.516455,
2206111,1.936693,
4027521,1.2368869999999998,
4021473,3.562547,
1501868,2.933018000000001,
4025984,4.38957,
7151369,2.764349,
7150515,1.632304,
2105516,2.938048,
2231875,4.373775,
7153114,2.449066,
2006614,2.9945440000000003,
2002050,4.2400400000000005,
2237657,2.073998,
4502682,1.757961,
2011433,4.424951999999999,
2018387,4.539438,
7004673,1.7823919999999998,
2204988,2.170994,
4074277,1.901982,
1502942,3.406648,
2240031,3.389034,
4021917,3.705438,
2230432,2.287998,
2200572,1.777157,
2009125,4.2956140000000005,
4063632,2.582504,
2005358,3.166371,
1506378,4.536168000000001,
2209005,3.045157,
4500394,2.017288,
2017145,4.139994,
2218796,1.764884,
2214320,2.7308090000000003,
2217984,3.357229,
1540745,2.57564,
7216652,2.393616,
7050248,3.968347,
2104631,4.297968,
7110705,3.095714,
2017146,4.152525,
4026698,3.1451290000000003,
7153350,2.7082870000000003,
2008638,4.171624,
4026837,3.232144,
4026024,4.049626,
4505343,4.222556,
4025753,3.540681,
4027399,2.834181,
4031940,2.981638,
2104814,4.60905,
7151642,5.115081,
2236837,2.743726,
4030219,4.40489,
4028753,4.247485,
4110307,3.524664,
7215892,2.61896,
1501961,3.253286,
2020286,3.192245,
1506509,2.969753,
4028544,1.998301,
2236787,2.382205,
1504817,2.210761,
4021197,3.346804,
4029162,3.2178410000000004,
4504945,2.75876,
4028526,3.831362,
7111829,3.09919,
1505311,3.111141,
4026146,2.732286,
1513153,3.614223,
2019369,5.167349,
2223476,5.2400210000000005,
4508002,5.186369,
2215161,2.739617,
4020447,3.233858,
7152710,3.472887,
4028045,2.654032,
4076924,3.743044,
1520118,2.106402,
7051495,2.17471,
2206527,3.3636380000000003,
7018111,2.719555,
4317851,3.423638,
4511295,2.335399,
4020354,2.701464,
4029100,1.47009,
2004375,3.051804,
4111858,2.0794739999999994,
2100664,4.66592,
4024650,4.177816,
2223031,2.718589,
4023838,4.059775999999999,
7153243,3.246086,
7224148,1.734379,
2004141,3.603887,
1505065,1.3542769999999995,
4029348,1.808234,
2202092,2.934438,
4020897,4.569921,
2013595,3.780217,
2005569,7.279026,
4031726,3.258545,
7151973,4.977951,
4115759,1.930246,
7152179,3.588287,
2238611,3.0196810000000003,
7117125,1.1977650000000002,
7206208,3.128778,
7154398,2.763154,
7214936,2.76023,
1513249,2.340363,
4113383,5.191296,
2226586,3.202075,
2012223,1.742828,
4022847,3.075337,
7153927,2.183236,
2217326,2.036727,
2216650,2.9962860000000004,
2009372,2.359515,
7206297,3.525427,
2203638,4.571875,
4027580,3.436309,
4026429,3.615355,
2203499,2.057248,
7220850,2.234358,
4510372,2.560406,
4113017,1.1298979999999998,
2222203,3.938099,
2019334,5.163201,
4025524,3.612647,
7151581,1.1811950000000002,
7052941,2.594739,
2100923,3.457058,
4026724,3.666303,
1542953,1.937125,
2200385,4.812187,
7153586,2.186955,
4029507,2.806319,
4024791,3.575305,
2222374,3.823285,
1506560,2.2899070000000004,
1513593,3.3898610000000007,
7225614,4.333879,
1504589,3.823233,
7117259,3.2461780000000005,
7054825,3.46036,
2230121,2.695554,
2005717,2.9351230000000004,
7150078,1.725736,
2233683,2.5614,
1503376,3.028459,
7152119,5.632943000000001,
7150081,2.510038,
4105254,5.281485999999999,
4307617,4.286832,
7219107,5.262775,
7152008,3.359906,
2239636,2.153968,
2239716,3.116809,
1502265,3.2741870000000004,
4022413,4.30182,
4026458,2.060084,
1517500,2.077135,
2204805,4.653683,
7208172,1.751033,
4116985,2.220358,
4338088,2.800834,
4026612,1.922727,
2007798,1.4457939999999998,
4029649,3.036191,
2203698,4.780674,
7151155,3.895708,
1514664,2.493783,
4029278,2.776309,
2202031,2.521139,
2214685,2.850018,
4031878,3.747496,
4114397,2.395185,
2227980,4.824267,
4024211,3.240017,
4023176,3.672428,
7151487,3.53948,
2000183,5.162633,
7051608,0.0,
4021862,4.155289,
2239853,1.676763,
2221411,3.092219,
4117974,2.59801,
1507121,3.446765,
2015860,2.944485,
2206368,3.892968,
2010991,2.350557,
2239432,1.358014,
2222560,3.090262,
2010400,2.722693,
4020594,2.419998,
7204337,0.903687,
2104403,3.107701,
4021956,4.879661,
4028408,2.327485,
7225563,3.373589,
4030467,3.124406,
7151509,3.842931,
7201292,1.7451190000000003,
2231081,3.918691,
4027241,4.565023,
7202474,2.274187,
2210659,3.925628,
1508658,1.92169,
4027677,3.78486,
7153158,4.118149,
2207773,2.398789,
2238184,2.94156,
4066526,3.765857000000001,
4023689,2.719747,
4512203,1.858155,
7154205,2.979042,
7053153,1.969872,
4504588,3.950293,
2007152,4.979429,
4031080,2.909721,
7214499,2.905379,
4024013,2.331507,
4066097,2.2521890000000004,
7150652,2.466668,
2206260,1.391915,
7151758,3.911364,
7218743,1.1611280000000002,
4020831,2.346301,
2205630,2.113596,
1517891,2.22114,
2238904,2.71713,
7213367,3.767683,
2218938,2.635725,
7202451,5.3225050000000005,
4508437,1.772831,
1507528,4.42887,
2205752,3.090316,
7151946,2.894199,
4024912,2.066722,
7222134,2.056138,
7152188,3.766278,
2221234,5.650695,
2016190,3.3453380000000004,
2204185,3.643797,
7109888,2.7200720000000005,
2007371,5.990213000000001,
7153781,2.872339,
2205261,3.647672,
4507996,4.88875,
1518435,5.87305,
2202000,2.045154,
2217005,2.350544,
4320069,0.754731,
2216028,2.403388,
7151573,3.27503,
4024557,3.310526,
4511394,3.718818,
2207595,5.099959,
2004707,4.968882,
7008282,2.86514,
7101577,3.625263,
2201023,3.496293,
7109970,4.036123,
7153368,3.992854,
4020485,2.281457,
1516092,3.2690430000000004,
7208261,2.900399,
4028414,3.332015,
4338712,3.090919,
1519592,2.7106440000000003,
8100247,3.642252,
4070046,4.754503,
4081815,3.908883,
1506382,2.745079,
2219690,3.216163,
4025685,4.040796,
2004185,3.781123,
7151164,3.76664,
1542370,2.6506290000000003,
1503636,3.179357,
1518442,5.980415,
2228682,5.229032,
2103674,1.556431,
2231167,3.391592,
4505616,3.714897000000001,
4026069,2.551093,
2203249,3.0961310000000006,
7055511,2.062804,
2217702,3.2152930000000004,
2020465,3.480325,
1518486,1.975517,
2004629,3.205145,
4028158,2.763515,
4025790,3.788858,
2227656,2.8812050000000005,
4508438,1.664994,
2222640,2.853467,
2014743,3.822471,
1505888,1.639488,
4025748,3.243621,
2206484,3.354627,
7010760,3.931475,
7112236,2.4973920000000005,
2241324,2.563889,
2203585,2.334582,
4020845,3.842962,
4513896,2.733555,
2105025,3.190094,
1503351,3.037648,
4510649,2.15957,
2240457,3.109432,
2205643,3.621395,
4079918,2.422928,
2214186,2.16902,
4027597,2.5713470000000003,
7212782,4.239915,
1502674,3.0363320000000003,
4505386,2.142727,
2018111,4.423869,
7206493,2.5080750000000003,
2008187,5.178332000000001,
1518570,3.122367,
7023327,1.602061,
4118729,3.2802360000000004,
2224878,2.802014,
4504083,4.467623,
4026178,3.084943,
4023955,3.112811,
4029945,1.918839,
2213162,2.066465,
2216957,4.01168,
2206307,2.028239,
2204112,3.556901,
1506384,2.812638,
4023040,3.562192,
1508640,2.3864910000000004,
1520432,3.89429,
4513461,3.3117780000000003,
2013771,2.975286,
4028846,2.930918,
4031556,2.701873,
2231990,4.598628000000001,
2300234,3.626528,
2220592,2.505717,
7205837,4.755193,
4082905,2.516528,
7200800,2.714847,
7050898,3.695419,
4027635,2.177938,
2016734,2.089646,
2005550,2.586015,
4022530,1.66051,
2014734,3.234513,
2300271,3.916027,
4029634,2.191319,
2201266,4.397502,
4022300,3.046231,
1503302,2.2626920000000004,
2204855,3.736476000000001,
1503500,3.370298,
2241839,2.397238,
4071412,2.446791,
1506852,1.527903,
1504916,2.208289,
2105023,3.3062340000000003,
7153846,3.131533,
7008440,3.214457,
2006075,5.596854,
2012421,2.286031,
1506262,4.81327,
2217985,1.762218,
7219792,2.423316,
2236644,2.450684,
4103595,3.2509140000000003,
2217808,1.915868,
4027927,2.417981,
7115490,3.18149,
1505611,2.738184,
2220726,3.98746,
7205403,4.517519,
4030218,3.289077,
2222065,2.826788,
2208408,3.15654,
4025736,2.278992,
2100607,2.459014,
1542691,3.263655,
7001413,2.81116,
1513156,3.166657,
2229841,1.843246,
7107197,3.29974,
7151895,3.5921460000000005,
2223677,1.56788,
1518644,3.1341209999999995,
7219766,2.94276,
2203979,4.657996,
1502257,4.321184,
2231833,3.104144,
7224801,3.183023,
7153685,1.863442,
2203995,2.328857,
2019951,2.394354,
2004980,2.3195170000000003,
4021760,3.4032400000000003,
1520022,3.726971,
2105446,5.716587,
2200008,2.471773,
1502032,2.513944,
4082499,2.7393110000000003,
4028304,3.602984,
2236663,3.336126,
2013936,3.369458,
2219527,3.474043,
4021468,3.95063,
7206887,3.703613,
4500782,4.569109,
7204616,1.1726070000000002,
1507596,2.874166,
8100857,2.988088,
4027781,2.816091,
4031722,2.74738,
7053050,2.148648,
2101384,4.826627,
2013774,3.225514,
2200295,4.665932,
7153631,2.76444,
7213118,4.764568000000001,
7152430,2.30398,
7150829,3.887237,
2010404,2.106733,
2017742,4.7941080000000005,
4023335,3.334825,
2105108,5.271418,
4027704,3.79052,
1517918,2.70944,
1512389,4.018963,
2235247,2.831801,
2219256,2.994345,
4021789,2.479989,
1543109,2.92997,
2007128,4.804023,
2238420,3.151782,
2200670,3.743107,
2013154,3.3580520000000003,
4507769,3.993188,
1511809,7.999784,
7203129,5.398703000000001,
7110953,3.40701,
4022171,2.657219,
7153855,1.9955190000000005,
7204917,1.984615,
4026596,1.878026,
2222038,2.666326,
2205820,2.615984,
2222838,4.8262350000000005,
2239317,3.579118,
2238231,4.424066,
4028916,3.639213,
7152689,4.05257,
1507429,2.991249,
1517178,2.984214,
2300233,3.582028,
4109124,1.6640100000000002,
4027288,1.157958,
2016832,3.428126,
2011881,4.298887,
7054646,3.233683,
2227893,4.442589,
2006300,3.240165,
7112238,2.609819,
2015078,2.635952,
2219092,5.506849,
2239637,2.368239,
7153503,2.536866,
4083410,2.572477,
4028035,2.384217,
2105466,4.357984,
1502943,4.358335,
2010898,4.011898,
1502923,3.937029,
4064403,3.515374,
2100840,5.580916,
7226242,2.076196,
7215664,4.457958,
7216868,3.487051,
4027448,1.842155,
7150454,3.665567,
2011936,3.038555,
7220075,2.814461,
7112530,3.35083,
4029014,3.423534,
4022212,3.547707,
2105700,5.057977999999999,
4109614,2.522305,
2000282,3.440188,
7225946,3.03252,
4027166,3.916159,
4023830,3.694193,
1503852,2.011182,
2222689,4.540375,
7105484,1.412877,
4077649,1.4238460000000002,
4342117,2.44318,
2230186,2.083586,
4072414,2.808915,
4030108,1.654053,
1513542,2.382294,
2003634,3.185863,
4023489,3.673915,
7154958,2.7330620000000003,
2238622,2.112501,
8101488,4.543358,
2207587,2.579968,
4023174,2.693239,
4078950,2.529277,
2017754,2.124633,
2222287,2.1693870000000004,
1502568,3.505155,
4023921,3.387574,
2006171,2.423786,
2004426,4.068298,
2010615,2.11064,
1507160,3.737581,
2239159,2.875919,
1507614,3.03577,
7055026,2.568182,
8101091,2.469396,
4022523,3.314939,
4064002,2.539092,
1519999,4.3921660000000005,
7150342,2.424602,
4025969,3.1277410000000003,
1504879,3.0079230000000003,
1502395,3.1824380000000003,
4506248,2.18429,
4102123,3.338144,
1503041,1.7937880000000002,
4507234,3.757123,
1504028,3.361602,
1516634,4.158562,
7113454,2.241401,
4021278,2.545592,
7015876,3.565114,
7212281,3.484713,
7151755,2.854801,
1542677,2.387641,
7021882,2.42245,
4507504,3.282722,
4319773,2.204411,
2213513,3.736488,
4507462,2.287302,
7103363,5.2843860000000005,
2229725,3.559146,
7151950,3.823114,
4025807,3.0239400000000005,
1520362,2.546704,
7226098,4.41417,
4066511,2.525489,
7204577,1.957429,
4505444,1.8465100000000003,
4102803,4.544323,
2220108,4.356281,
4504087,4.489364,
2229384,2.142933,
2207459,3.640443,
2225743,3.706671,
7154163,2.815713,
2002919,3.2716480000000003,
4021469,3.888836,
4023490,3.5502200000000004,
4068114,1.7278380000000002,
4073999,3.536535,
4501736,2.790369,
4060416,4.133453,
4023937,4.401217,
1512592,3.016961,
1502463,3.470478,
2014474,2.245307,
2227308,1.886698,
7150481,1.996806,
2106007,2.3803210000000004,
4029272,3.971476,
7152301,3.001744,
7020084,2.173929,
2209995,2.361375,
4026915,3.667834,
4101660,3.774993,
7204881,3.044151,
4024788,2.853273,
2233971,3.471271,
4023776,4.367751999999999,
2236758,2.23246,
2017682,3.765243,
1100503,3.974728,
2105845,5.229283,
2204690,2.7874960000000004,
2231495,2.102787,
2017955,1.813403,
7100540,2.8765270000000003,
7153045,3.438749,
4021135,5.469184,
2014033,3.971062,
2011025,2.187159,
2237305,3.587098,
7205532,1.654805,
4021013,2.784079,
7051901,2.287472,
4027223,3.07314,
2207049,2.413545,
2212894,2.62395,
4113698,4.538804,
1504099,2.946698,
2212075,4.312012999999999,
4023376,2.33354,
4104257,3.195272,
7226331,1.872914,
2233534,4.606673,
7215306,2.5727139999999995,
2215451,3.186624,
1505871,3.240228,
4111525,2.438975,
7152676,2.787091,
1511796,1.858091,
7151818,3.645607,
2215910,5.108017,
4026684,4.230659,
2214022,3.016967,
4508434,1.858267,
7203555,3.506713,
1520427,3.1526340000000004,
1543327,0.6875439999999999,
1520314,3.802523,
1514188,2.811596,
7152114,5.673302,
7101077,3.343232,
7214418,4.854735,
1516326,3.440622,
2239910,2.5561869999999995,
1505275,3.871898,
4115406,3.309696,
7153571,3.426712,
4028867,2.383566,
7226624,2.165435,
4116744,3.464182,
4002004,1.7143529999999998,
1542661,2.529472,
4075916,3.159023,
2012144,3.442476,
4028616,3.4540420000000003,
7055600,2.290213,
4113880,4.273255000000001,
1505321,3.214849,
2006011,3.624509,
1540649,3.146947,
4029447,2.352954,
4332532,3.214509,
4303310,3.549243,
7207152,2.128352,
4068336,2.697788,
4025381,2.073408,
4027509,4.042205,
7206265,2.008523,
1511857,3.507055,
4104133,2.502241,
7107660,3.458718,
4028912,3.7928,
2223062,2.328995,
1513518,3.886706,
4029186,2.661804,
2222584,3.57781,
1505206,2.964679,
7103153,3.044969,
2219650,2.803008,
2239355,2.527615,
4029193,2.515247,
2207621,4.728409,
4026365,2.919968,
1506296,2.157049,
4068148,1.853483,
7022091,2.6768620000000003,
7052662,5.500464,
2008339,2.688009,
2105569,3.822608,
2221353,2.9540230000000003,
4025843,6.152163999999999,
2016490,4.339105,
2204208,3.637279,
2218252,3.314474,
7204295,2.169516,
7151165,3.618739,
2010287,1.056183,
4025710,1.539987,
2225394,4.095926,
2237584,3.12029,
2214264,3.261913,
2203460,2.5384300000000004,
4021089,3.428847,
7155262,4.05417,
7200785,2.2187680000000003,
2005305,2.633889,
4504353,3.071354,
1503916,4.971405,
4027656,2.5094579999999995,
2104592,4.062489,
7020428,1.427408,
2204234,3.214795,
2232262,3.342764,
2231373,2.862846,
7153998,2.525024,
7224881,5.973268,
2008322,3.031438,
2200445,2.742094,
2012642,3.894601,
1516099,3.262383,
4021001,3.762207,
7151236,3.072003,
1502953,2.8530240000000004,
7151791,4.031387,
2209155,2.367173,
2240047,3.154585,
2221601,3.342339,
4028857,1.100735,
7219683,1.143846,
2225991,2.12123,
1516703,2.113233,
2241516,2.082952,
2014570,3.371438,
2216450,2.213509,
2205929,3.352351,
4020804,4.085476,
1503565,2.553196,
4028426,3.138109,
2224128,3.334191,
7208903,1.675639,
2020257,2.2821489999999995,
1520287,3.2521860000000005,
4501731,2.764066,
2002938,2.634974,
4023322,1.3839860000000002,
1504383,7.537999999999999,
7100059,3.288925,
7153176,2.952495,
7206642,4.885659,
2103672,3.399725,
1518433,5.823657000000001,
2011898,3.3965300000000003,
2006843,4.42373,
1504079,3.009561,
7103853,3.434983,
7150832,4.090669,
2234562,3.022298,
7152402,4.110774999999999,
4101239,2.748735,
4000665,1.763041,
2005868,3.220483,
2014328,3.665299,
2228495,4.473855,
4025340,3.012027,
7153902,4.239836,
4025812,2.041368,
4020449,4.614845,
4021471,3.667516,
4023802,3.1298249999999994,
4024948,3.5963960000000004,
2010783,2.25326,
4068538,2.412089,
1543347,3.740967,
2231343,4.867238,
2237788,3.029405,
4513302,2.004697,
4020719,3.601529,
2230339,2.367418,
2006854,1.991538,
2200997,2.772104,
4329805,2.1279540000000003,
4022928,2.189899,
2213638,3.1479950000000003,
4508020,4.9101420000000005,
7214503,5.209417,
1529873,3.871035,
1520175,3.885331,
1514324,3.649241,
2210782,0.922168,
2239690,3.362891,
7150224,4.293815,
1506231,2.647969,
1508278,2.617643,
1518441,5.89133,
4031333,2.893746,
7151099,1.263274,
1542368,2.074905,
7210328,2.066882,
4329163,2.566361,
4020801,3.670885,
2240940,2.754588,
2234549,2.5834680000000003,
7004142,5.036711,
7202393,3.3995,
8101726,3.442246,
4501918,4.48456,
4124719,3.46655,
1503213,1.502599,
4027895,3.236317,
2201783,3.802819,
7152728,3.775216,
2202651,4.143744999999999,
7207300,2.0434530000000004,
1507845,1.682654,
1505530,3.4920090000000004,
4118003,4.366677,
2229686,2.459173,
4023753,4.739902000000001,
2213408,2.814671,
2225308,2.825974,
2241671,4.487562,
2230278,3.092104,
4500726,3.2422700000000004,
1505376,3.262943,
7151921,1.7619730000000002,
2239128,2.5025540000000004,
1513154,3.394621,
4028850,3.58646,
4083773,3.571594,
8102542,2.3046930000000003,
7152453,3.216544,
7050083,4.975720000000001,
4507491,2.585084,
2226427,1.714428,
7105247,3.729484,
1514352,3.1958460000000004,
2209308,3.087816,
1507824,3.367475,
2227801,3.194556,
2202346,3.390157,
2210043,2.862149,
4078713,2.736276,
7153821,3.275757,
1503394,2.497577,
1505723,3.659929,
7226562,2.642577,
4023163,3.856165,
2015306,3.394129,
2221261,2.96544,
1518047,2.999052,
4082494,3.098892,
2205078,5.560258,
2220232,2.9276980000000004,
2240247,3.197016,
1504701,2.727069,
2207968,2.971015,
7218948,1.653025,
2012680,4.383022,
2209933,3.491855,
4114591,3.316963,
1542443,1.452509,
2239861,3.0632710000000003,
4075615,2.618344,
1508739,4.206429,
4078698,2.825191,
1504180,2.932217,
2003636,3.177955,
4066730,3.088718,
2218832,2.546559,
2208704,2.7781480000000003,
1516008,3.298252,
2017852,2.5577490000000003,
1513412,2.784536,
7205534,2.9750050000000003,
1517408,4.014249,
4026409,1.667591,
2015488,3.019692,
4021470,2.674233,
2228720,3.618669,
2212624,2.9358720000000003,
2233888,3.2872870000000005,
1100647,4.792248,
7219106,5.278184,
7223009,2.548458,
4030015,3.086243,
1504379,3.187834,
7152695,3.021717,
2237834,4.262538,
7150996,3.654249,
2228647,3.385008,
7033226,3.644541,
7152753,1.5442140000000002,
2216740,3.269258,
4028873,3.006387,
2006514,5.725842999999999,
1513540,4.391003,
2008468,2.177122,
4022978,2.6134310000000003,
4511894,2.28481,
2230645,3.093774,
2007515,3.78578,
7154313,4.311554,
2202974,3.419638,
2217057,3.853811,
2227388,3.377334,
2205105,4.3429590000000005,
4023348,3.133789,
2005303,2.7968040000000003,
4027569,3.337819,
2014176,3.831444,
2212203,2.1113500000000003,
2222445,2.588042,
4025626,3.444156,
4508921,3.891674,
4021895,2.483305,
4071989,3.100487,
4028044,2.259281,
2236935,1.991618,
2236162,3.136709,
2102304,5.037659,
2209144,4.220359,
1516772,5.447479,
1506383,2.8054750000000004,
1519831,2.606035,
4031295,2.9244070000000004,
7023323,3.165411,
8102201,1.661187,
4022045,3.510085,
7215708,2.7560870000000004,
4025258,5.361553,
1529864,3.701274,
2241653,1.698103,
4024184,2.858946,
2105209,5.366604000000001,
2203219,3.133172,
7215754,3.054854,
7021582,2.853014,
2203007,3.307256,
2230583,4.9859990000000005,
4304452,1.3891009999999997,
2229128,3.243958,
4026294,2.774768,
4020852,3.537715,
2223620,3.480887,
4077317,2.711289,
2201778,3.865641000000001,
2210625,3.400968,
7150548,3.2995720000000004,
4507040,2.162779,
2014397,2.37087,
2229554,2.218373,
2212929,3.077359,
2300013,2.575108,
2221433,2.981699,
2222771,3.020826,
2104878,4.159941,
4060360,2.770529,
7108131,3.389124,
7219803,2.681019,
2240249,1.393908,
7214386,2.320994,
4024783,2.918255,
4501867,3.79267,
2218124,1.873993,
2101904,4.1110310000000005,
4022089,0.8814190000000002,
2011966,2.361568,
2207962,3.998758000000001,
7152376,1.846116,
2300006,2.214156,
2205776,5.800282000000001,
7151483,1.869075,
7150640,2.545848,
4025413,3.130784,
2200098,3.748382,
2105028,3.14602,
1504559,3.084624,
7152220,3.063729,
7151043,3.837548,
2100676,4.263775,
4512770,2.802307,
2015484,1.3112740000000005,
4513009,5.106933,
2224462,1.922455,
2007155,2.2425040000000003,
2227171,2.486168,
4026592,2.819995,
4069975,2.508067,
7219098,5.224399999999999,
7213507,4.762846,
4030201,2.280603,
4025821,1.768588,
2014473,2.889475,
4028076,3.039556,
7208264,2.726299,
2300509,2.275306,
2239863,2.443893,
1502342,2.527614,
2222597,1.648286,
4067391,2.2264289999999995,
4506222,3.1287320000000003,
7151181,4.245248,
7150468,3.4080640000000004,
7153433,1.845633,
1506072,4.231846,
4026456,2.41701,
4029004,3.615018,
4023821,3.019146,
4031019,3.618625,
4072687,3.476635,
7013931,3.151101,
4508864,3.1092190000000004,
7214897,2.588553,
4021902,1.033448,
4028769,2.0367809999999995,
2008833,3.673303,
1516047,2.5010250000000003,
7203939,4.015367,
2217746,2.438249,
1504550,2.1718070000000003,
7222255,2.7725790000000003,
2220902,3.432971,
2103887,4.311726999999999,
2007310,4.970183,
7111226,5.066872,
1518390,2.495133,
2000405,3.276101,
7153260,3.10431,
2223555,3.328623,
4025587,3.642793,
2103269,4.092061999999999,
4022602,4.191212,
4023457,3.946336,
7154791,3.415982,
7152550,3.390499,
4000923,1.932409,
4079675,4.069523,
2100469,4.027353,
1517608,2.168379,
7152373,2.643622,
4064517,2.2315750000000003,
7151737,3.437592,
4030314,2.493976,
4021303,2.838106,
2001260,5.070536,
4060456,1.5808220000000002,
2241365,5.887662,
4024011,1.674985,
4029351,1.802919,
1506177,4.645062,
7217712,2.108903,
1502154,3.528708,
4021459,3.926268,
1506248,1.900812,
7112961,1.7267069999999998,
4029991,1.349606,
2018110,4.229271000000001,
2235036,2.948644,
4026607,1.983462,
7110482,0.5315309999999998,
7151193,3.444065,
2224495,1.1218,
7152610,3.108184,
4062200,2.292191,
1505032,2.778048,
7151127,3.2253930000000004,
4344175,0.0,
2213319,2.6493520000000004,
7215841,2.447381,
2105465,4.406317,
4082586,1.868667,
8101092,2.258964,
7153180,2.475429,
7154893,3.737882,
2216837,3.42145,
4028815,3.665673,
2012315,3.798048,
7226482,3.884838,
2215848,2.785599,
7213303,4.635942,
1503185,3.0724530000000003,
7150514,0.8661050000000001,
2103498,7.225842,
3500018,3.3991480000000003,
2220707,3.134326,
8100260,2.986298000000001,
2014432,2.505882,
2201605,2.947646,
4512804,3.611217,
1507010,3.183958,
1542709,1.900735,
2218417,3.828708,
2006979,2.871973000000001,
7206641,4.487634,
2011145,2.438588,
4031962,2.555241,
4079940,2.928737,
8100451,2.606012,
7019476,2.616468,
2012376,3.6028549999999995,
7110251,2.684056,
2204602,3.693237,
7223726,3.993542,
1505538,3.370433,
1504266,2.926067,
7212614,3.802223,
4079274,1.375854,
2004338,3.117413,
2212150,3.725834,
2229568,2.195117,
4001547,2.834691,
7154487,3.74246,
4118614,2.933186,
2101910,0.933107,
2234182,2.9161880000000004,
4021914,5.450423000000001,
4028863,2.553024,
4512805,3.622791,
7224996,2.082235,
2008008,3.733516,
2216833,3.621711,
7111225,5.007813,
7151757,3.639701,
1507342,3.183862,
2232070,3.401142,
4020565,2.563121,
1502392,3.543417,
4075781,3.227059,
1517831,3.074884,
7150959,3.406087,
7151335,3.311476,
4022764,1.919751,
2014384,2.110486,
2004822,4.581286,
2105145,5.234148,
2208751,2.206062,
2001741,5.437958,
4066090,2.789252,
2237490,1.942632,
4026138,2.675735,
2015790,2.001639,
1513462,4.456705,
4075942,3.972743,
2226600,2.731189,
2227458,2.396343,
7002941,2.559479,
7111361,2.713363,
4026935,2.031175,
7150449,3.866776,
2223687,2.617194,
2233270,2.8695640000000004,
1508860,3.199498,
7151090,4.253839,
2231069,2.631669,
2019426,2.695544,
4500038,3.288959,
7219102,5.279553,
4028545,3.519422,
4029171,4.732107,
1542542,3.255071,
7102413,1.573979,
4027307,2.006539,
1502631,2.189431,
4076242,2.037242,
2226442,2.506961,
7152380,3.64008,
7203668,3.134966,
4021625,3.598876,
2224336,2.518607,
7220122,1.850817,
2239453,1.147327,
2221062,3.825878,
4030470,4.298779000000001,
2207604,2.693964,
4022611,4.722147,
4063953,3.335391,
1514727,2.21137,
2230346,3.023043,
4030004,3.318017,
4022790,3.43375,
8103151,2.882705,
2105248,3.963572,
1503110,2.365937,
4120679,3.927675,
4122946,2.6174300000000006,
2205478,4.119407,
4109366,2.764252,
7153930,2.082513,
2239454,3.724025,
7212267,1.6217640000000002,
2006632,5.252899,
2223692,2.832967,
2216033,3.717686,
2009903,2.7840610000000003,
7150994,3.983494,
2202112,3.450288,
7206785,1.848292,
2239644,2.696101,
1520285,3.3085980000000004,
4111840,3.181262,
1514978,2.775936,
4069448,2.598302,
2227414,2.8983160000000003,
2231835,4.339175,
1508328,2.8876850000000003,
7151889,3.634248,
7151046,2.4837300000000004,
7115733,4.11285,
7153245,3.95571,
4021744,2.063718,
7206037,4.275073,
2012554,1.620155,
2238150,4.009621,
4025956,1.037605,
7155142,3.571961,
4022762,2.360559,
1507256,4.349086,
7151245,3.695303,
4109036,3.006511,
7208271,2.797824,
4083911,2.289518,
4020528,2.360396,
7023644,2.601076,
2101219,5.165431,
7154065,1.447919,
2220374,2.398755,
7200461,4.037156,
7219798,2.3064850000000003,
2206014,3.427296,
7151449,3.338392,
2221876,3.893523,
2237360,2.046326,
1504736,3.870043,
4507007,2.026096,
7114295,2.2903830000000003,
7210841,3.0247300000000004,
1515301,5.319864000000001,
4082483,3.10472,
1504139,2.532624,
2217946,4.279125,
4061414,3.527163,
7109290,2.5238860000000005,
2241460,4.0475200000000005,
1506085,2.691917,
1519117,3.413252,
2224025,2.855267,
7154570,2.366807,
7153010,4.992000999999999,
1532510,1.970328,
2105860,3.959571,
2205549,2.805389,
4027133,2.075695,
1517415,2.90344,
2222110,2.751792,
7000927,2.2481,
2224844,4.727312,
2217767,2.296858,
7225383,4.738612,
2006276,3.618203,
4305138,4.08176,
4030083,2.729789,
1502499,2.914468,
7152494,1.670041,
2231956,3.972145,
2205395,5.066918,
7154430,2.5748520000000004,
4022116,3.095054,
7208075,5.542948999999999,
4502245,3.937469,
2229768,3.457113,
7206770,2.221007,
1518657,2.955067,
2236997,2.794226,
2206506,2.0145410000000004,
1503256,3.273038,
4114590,3.56303,
2221229,1.979681,
7151585,3.790497,
1519352,3.525782,
7220076,2.4262810000000004,
7226240,2.175427,
4111838,3.744638,
8102441,5.304615,
1543356,2.174419,
7012055,2.9133750000000003,
1505971,4.063779,
4031336,1.565798,
7221564,4.1061630000000005,
2212688,2.278191,
4023002,2.651918,
2100605,3.025983,
7152997,2.8394570000000003,
2019960,2.6359250000000003,
4511020,3.456399,
7203667,2.892639,
4028464,3.3503420000000004,
1506287,3.223192,
2204826,3.387091,
7206495,2.6143940000000003,
4025412,3.437431,
1516339,2.653445,
4023385,1.928779,
7113113,3.49505,
2215811,3.318334,
4028819,3.5669509999999995,
1540732,2.485087,
1515877,3.607834,
4020692,2.388305,
1504397,3.670248,
2105588,3.076743,
4024865,3.209365,
4026184,2.082223,
4020597,3.3279849999999995,
4029522,3.819758,
4024354,3.694916,
1504454,4.757248,
1504031,3.449928,
1519794,3.642147,
2222072,2.638317,
7050084,4.956259,
2201333,3.467855,
4065226,3.586202,
7152226,1.806863,
2010583,3.798862,
7204364,2.091152,
2018690,2.467413,
4024178,1.956829,
2018031,4.82139,
4072413,3.001855,
7117832,2.836705,
2008003,3.253652,
7213183,2.512947,
7219559,4.187303,
2201223,5.86357,
1540736,2.201611,
7204680,3.240231,
4083602,2.7425,
2229984,3.754766000000001,
1501800,2.762294,
7100179,1.383625,
7208855,2.6156580000000003,
2006824,4.36108,
2203047,3.845871,
4101129,3.256048,
2017868,3.293576,
7203264,4.611044,
7150294,3.059254,
4504359,2.639802,
2201335,3.887554,
4026602,4.143499,
7153514,3.263259,
4021271,3.712711,
2014069,3.2009670000000003,
2226960,4.187069,
4027599,3.032006,
1503628,1.8605,
4120394,2.065316,
4124416,2.331438,
2232834,3.947308000000001,
7114064,4.288423,
1520595,3.698892,
4020802,3.710752,
2213734,2.966091,
2211397,5.081395,
2213863,3.1784760000000003,
1508950,2.959984,
4072360,2.7276,
2012980,1.872385,
4083307,2.906397,
4107660,3.940345,
4510778,2.180536,
4069353,2.509672,
7219650,2.0954230000000003,
2204851,4.175294999999999,
1512152,3.640758,
4101890,3.517128,
7151096,3.225753,
4084633,1.5861869999999998,
4114411,2.170884,
2014636,2.06707,
1508730,2.906756,
7053278,2.150971,
4020577,2.116168,
7040751,3.054475,
1512208,2.755908,
2202490,4.6598310000000005,
4083600,3.620494,
1508738,4.148133,
2103894,4.36383,
7153342,3.490339,
2224931,3.22848,
4027980,2.185518,
4027218,3.034728,
7214490,3.593744,
4106909,5.3300350000000005,
4025588,2.392586,
7223207,1.721079,
4028965,1.883696,
2231039,2.985494,
2003599,5.21705,
4020459,3.457675,
4503995,2.800651,
4028603,3.271951,
7225378,3.88394,
2212941,3.010561,
1519234,0.5910389999999999,
1503137,3.742704,
2000826,2.639235,
4020272,2.760584,
2205191,2.992163,
2215256,2.448197,
2003053,3.251165,
2011968,0.519521,
1518393,1.560565,
2004195,3.039695,
2239310,3.139889,
2003257,1.64244,
4025991,2.6641470000000003,
2230118,1.614383,
4508189,3.088986,
1542572,2.55916,
2221748,1.773648,
2225051,4.443726,
1508545,1.36499,
4080370,2.643483,
2232116,2.730448,
4031748,4.210134,
7112223,0.0,
4060809,1.27062,
2219303,2.643475,
7150060,2.3093920000000003,
4030727,3.540453,
2218488,2.390987,
2204194,3.768753,
4123864,2.268022,
2011360,2.705569,
2011668,2.157236,
1503253,2.195759,
4024461,2.498864,
7154715,1.690497,
2200658,3.379307,
2012303,2.5071190000000003,
1513407,1.501915,
1512587,2.9784770000000003,
1506465,2.159088,
4309478,2.093222,
7030436,2.850384,
1503474,3.927249,
2200680,3.56494,
4062866,3.566235,
4022652,2.701665,
7154849,1.748575,
1516370,2.129712,
2230504,2.250744,
2223530,3.172103,
8102203,2.762835,
4024975,2.670669,
1507838,3.0663500000000004,
1502865,3.031648000000001,
2211884,3.777413,
2219766,2.542598,
7012959,3.318823,
4083164,2.83724,
4117750,3.006793,
7152214,3.388524,
4020195,3.20677,
2210939,3.123727,
2009043,5.718835,
7117265,3.909199,
4025032,2.842945,
2225657,3.981751,
3500021,2.65011,
2218509,3.164973,
2230378,2.706271,
1543338,2.17797,
2224008,3.764752,
7052834,3.112545,
2018906,2.026859,
2223916,2.982007,
2010214,4.490628,
7052666,5.584586,
1506054,4.332485,
1503939,1.409094,
1544173,3.927852,
4512828,3.988059,
2208591,3.621732,
1508395,3.427285,
2219006,2.738522,
1501689,5.545014,
2012927,4.695517,
1519698,4.386513000000001,
4023104,3.958153,
4508026,5.267099,
2224959,3.767658,
2200007,2.598018,
1508941,1.537804,
2016114,3.696572,
2226214,5.63997,
4031869,2.566106,
4027136,2.308421,
7150144,5.5410520000000005,
2218613,2.646984,
7150331,6.075176,
2014787,4.440078,
2003342,3.1639280000000003,
4501923,2.690018,
7154295,3.5593030000000003,
2220659,2.888839,
7114472,5.246515,
4021695,3.850313,
7019025,2.512984,
2229108,2.872193,
2232373,2.858626,
2231122,2.935896,
1506880,2.3308980000000004,
2216759,2.088665,
4078614,2.79874,
7030431,2.835625,
1515436,3.293571,
2224728,3.326231,
7150659,4.241937999999999,
2002070,2.336418,
2241231,2.779378,
1506381,2.7758700000000003,
1508794,2.66974,
2225671,4.180037,
2213632,2.509316,
7208830,3.51176,
1513470,1.86557,
4509831,2.685793,
7205584,2.436277,
4071398,2.203082,
4508807,4.4628630000000005,
2209134,2.008686,
7206296,3.657595,
7151037,5.594912,
1520211,3.237982,
2202960,2.967588,
4027026,3.752459,
1529384,3.100476,
4020798,3.686979,
4115151,2.752218,
7153064,2.611708,
2000196,3.3130360000000003,
4071990,2.853367,
2003673,3.634678,
7210155,1.979058,
4020278,2.812505,
7152099,2.951307,
2300237,3.580636,
4026701,2.157161,
1502522,2.353243,
7039483,4.112736,
1501694,5.517224000000001,
8102512,2.141557,
4504972,5.092615,
2226688,2.550216,
2010332,4.686163,
4023082,4.507276999999999,
4102295,3.5313160000000003,
7209212,0.907429,
2016789,5.066124,
4031906,4.316898,
7152035,3.608557,
4060621,2.004251,
4020443,2.587413,
2222347,3.954614,
2223964,2.161362,
1504927,3.565742,
1508944,2.033911,
2013102,5.410867,
2222601,4.257808,
1507439,3.129266,
1513406,1.878469,
7054718,3.884211,
3500034,3.390599,
2201514,4.638077999999999,
2012435,2.21298,
4023766,1.3347079999999998,
1540615,1.982202,
1506536,2.569889,
2217225,1.783772,
2234771,2.867894,
2210383,2.59818,
4025414,2.917469,
4507994,4.885312,
2213154,3.530392,
2212063,3.430218,
7103157,3.172822,
4113270,3.60832,
2202443,3.2600990000000003,
4020859,1.815483,
2205470,3.1468349999999994,
2227545,2.6442870000000003,
4022755,1.367856,
1519697,3.72995,
7013530,3.649369,
1507860,3.59499,
2105613,3.259797,
2006727,5.02996,
7053268,2.2793,
2219956,2.060435,
2241202,3.956939,
2229743,2.938747,
4025892,2.868946,
7154421,3.894104,
4025742,3.241486,
7154497,2.7343040000000003,
7101092,2.967258,
1508616,3.154307,
1505278,4.230346,
4028046,2.2990950000000003,
1505279,4.298646,
2205367,3.675819,
4105554,2.48335,
1513461,3.302734,
1100651,2.792049,
2207482,4.307761,
2230214,3.070743,
2236807,2.7017230000000003,
4028415,3.512236,
2017254,5.932691,
4027543,3.295703,
7108261,3.564029,
7212975,1.71733,
7155043,3.144491,
2006994,2.597565,
2204544,3.334417,
1503301,2.251033,
4511619,2.608872,
7111752,4.406004,
1507106,0.971174,
7221652,3.538469,
1540741,2.1813480000000003,
4029451,4.584793,
1503583,3.707599,
2237098,3.608832,
4025819,2.308491,
7051152,4.6880180000000005,
4031829,1.526256,
7151819,2.506091,
2008148,4.348822,
4029106,2.678438,
7054715,4.020739,
7026100,3.424928,
2008943,4.974739,
2001235,4.395899,
1513242,2.441016,
2014475,2.80085,
4029298,4.086565,
1513940,1.849058,
2105096,5.262621,
2213574,2.22647,
7151385,1.4953249999999998,
2219899,2.723794,
1507859,3.18909,
2017439,2.708357,
7151243,3.46605,
4342211,3.16655,
4103001,2.371671,
2101220,5.163444,
1512345,3.037267,
2016609,1.720182,
4023580,3.08976,
7152143,2.204897,
7216973,2.16888,
2233707,3.2704000000000004,
2231941,2.158128,
2106001,3.313632,
1507882,2.530832,
7102200,2.899211,
4076268,1.6072000000000002,
7217200,4.431723,
1520150,3.890751,
1516119,3.2988859999999995,
2013568,4.792905,
1506295,2.390251,
2104790,5.164268,
1519911,3.395459,
7201006,2.1516070000000003,
4505234,2.675405,
8102878,2.632815,
4028494,4.172511999999999,
1544069,1.84254,
4506385,2.74428,
7218048,2.858908,
2200294,4.679658999999999,
2225339,3.0627439999999995,
4027356,2.5525040000000003,
1502529,2.749152,
2210107,4.583625,
4077684,2.401437,
4027325,3.203603,
2018990,4.0724730000000005,
1502547,1.543081,
2240913,3.625239,
2215513,3.242657,
7035356,2.7221110000000004,
2233654,1.958975,
7151879,3.712877,
7050190,1.322747,
2237996,3.124178,
7052236,1.696889,
4111423,3.628003,
4023608,1.766588,
7151157,3.739986,
2310127,3.443051,
4023949,3.209254,
4104703,2.535725,
2100672,4.52594,
1508731,2.7126339999999995,
1507615,4.345022,
1504738,2.757735,
2235965,2.526629,
4311499,2.95348,
2211798,2.976495,
2206299,2.7678700000000003,
4029301,2.548302,
4022257,4.22975,
8100968,3.401714,
4029446,2.623847,
2300239,3.423765,
2200598,3.771131,
4024575,2.944457,
4116107,3.312219,
1516360,2.4230530000000003,
2207972,2.652422,
2214825,3.749949,
4025433,2.797007,
4020225,2.926695,
4028900,2.456182,
2204157,2.2294780000000003,
2210644,2.874443,
2208881,2.674967,
1502260,3.158748,
2237283,4.833058,
4027309,2.097753,
4030931,2.99752,
1505499,2.064776,
2105564,1.978605,
8102127,3.04109,
4022049,3.58646,
4064888,1.7595930000000002,
7100475,2.010613,
2008560,3.272886,
2104785,5.179195999999999,
2005260,3.69047,
2237908,2.143226,
4024085,3.608052,
4022135,4.235681,
7052471,2.151274,
7104724,1.7074,
4504640,2.461085,
7110206,3.318178,
2207898,3.106973,
2008072,4.904602000000001,
2102305,4.475471,
4026884,2.324985,
4028869,2.053974,
1516358,2.471889,
2011292,3.4364479999999995,
7153775,1.1354720000000005,
2200617,3.729095,
4507011,2.190091,
4022003,3.375642,
4025632,3.587824,
4028169,3.677076,
1529236,5.445302000000001,
7150023,2.341196,
2005433,3.3269,
2222184,2.431042,
7154919,2.845019,
4028458,2.638733,
2104175,5.576899999999999,
7207462,2.648836,
7151989,4.2298100000000005,
4506880,1.746117,
2226660,3.163004,
2218685,2.7847980000000003,
2206377,4.553495,
4510568,2.009964,
7103409,2.372982,
7204070,0.0,
2005071,3.517440000000001,
2010903,2.764253,
2007280,3.121038,
4510516,2.9229770000000004,
2212194,3.363126,
1506490,2.8208910000000005,
4021779,3.756643,
4513635,2.5181590000000003,
4106460,3.052054,
4100902,1.713118,
7105733,3.918969,
7153981,2.853238,
7150660,3.760706,
4079549,1.981849,
2237869,2.403255,
4020879,4.2500800000000005,
2236598,2.572718,
4083841,2.15647,
1542577,3.2912610000000004,
2014261,5.388947999999999,
2205550,4.173676,
4025462,4.885648000000001,
2211400,2.622968,
7100392,3.4054260000000003,
1505490,3.450671,
4028727,3.359368,
7224237,2.770937,
7151685,1.943176,
4020498,2.742846,
4025387,2.109551,
4064145,4.114604,
4025957,1.106393,
7214480,4.563903,
8101794,2.738583,
4077182,4.304465,
7151698,3.034049,
4060965,3.106552,
2017859,3.0903339999999995,
2014562,3.0951820000000003,
4511790,1.346434,
7208038,1.200378,
2001549,5.09692,
2019074,0.7665839999999999,
7150149,4.894237,
4025968,3.022843,
2018296,3.732375,
7152219,3.710595,
4022220,2.610834,
2203098,6.287444000000001,
7154383,2.6345210000000003,
2239155,2.846271,
4507999,5.134677,
7218777,2.684401,
7200968,1.38215,
4025703,2.683914,
7225746,1.546873,
7154194,2.1452470000000003,
1503981,2.288974,
4504001,2.239527,
2205868,1.563844,
7106875,2.83021,
4505363,1.728866,
1502025,1.972714,
7108260,3.4519580000000003,
4020760,3.821634,
4031344,2.80045,
7053867,2.157082,
7206295,3.785251,
1542882,3.391166,
2208858,4.385004,
4023287,1.470564,
2228294,3.090621,
7151178,3.102765,
4116140,4.845592999999999,
2105585,3.441208,
1518293,4.515825,
2105563,1.994805,
2235997,2.169446,
1504629,2.91754,
7154350,2.302408,
7200791,2.805367,
2240851,2.762556,
7035080,3.09195,
4075872,2.808464,
7202432,3.741544,
7154910,1.716045,
7152949,0.660411,
7211064,1.753106,
7118347,3.745515,
2214905,3.54805,
1543049,3.272304,
4026065,3.606234,
4021045,3.166059,
7112487,3.3218490000000003,
7107659,3.246856,
4027242,2.461764,
7151903,3.297682,
7224997,2.099898,
4301451,4.214022,
2204126,4.661018,
4025242,2.9242,
4115548,4.497997,
4078073,3.262765,
7151255,4.179953,
4025733,3.61106,
7154903,2.387448,
4021337,3.151649,
4029247,3.057176,
2233355,2.802429,
4341217,3.755972,
4074323,3.550808,
4026646,3.927565,
4022615,3.603096,
2009925,3.449262,
4022421,2.324482,
4028729,2.516229,
7006119,4.806865,
7214417,3.460113,
1506532,2.535589,
7009961,5.840045,
4023347,3.182542,
2239743,2.886692,
4300592,2.152227,
2240364,2.4226650000000003,
2234994,3.965442,
1503635,2.667495,
4330943,3.526666,
2205032,2.45285,
2232523,0.7224679999999999,
1519845,2.028876,
4507211,3.669147,
1544225,5.808814999999999,
1516970,2.996308,
4066609,4.061882000000001,
2014326,2.907185,
7203242,2.715815,
4028183,3.3628979999999995,
1503670,2.025197,
4030877,3.346454,
1505621,1.390108,
4024850,2.454488,
7151465,2.874116,
2223538,2.804506,
4070808,3.069888,
2221770,3.91764,
1505566,1.946155,
2222969,2.794265,
4031307,5.172143,
2203530,5.353769999999999,
7114924,1.4947910000000002,
2010914,4.125926,
7105420,2.05098,
4322306,1.966906,
7212333,4.232723,
7205401,4.696311,
2218617,3.326129,
2224102,2.218476,
2213757,2.666596,
1506202,2.870446,
4025398,3.725211,
2211235,2.9542680000000003,
2003426,6.645685,
7206942,3.828515,
4020535,3.526293,
7153331,3.79907,
7210353,2.745106,
2224698,2.705053,
7216050,5.588963000000001,
2226917,3.164699,
4505913,2.802956,
2012237,3.795089,
4026426,3.047493,
4085876,2.988029,
2228619,1.805415,
2232575,4.231674,
4111270,4.41929,
7110390,3.491477,
1008787,5.109073,
7151952,3.097529,
7225630,3.5960050000000003,
2237525,3.347068,
1507268,1.6157359999999998,
4022534,3.435026,
4024632,2.23766,
4101494,3.305332,
2206684,1.897146,
4021533,4.829921,
2233764,3.368431,
2001471,4.858062,
2222589,3.759037,
7215222,3.622444,
4025365,4.499974,
4117981,3.894033,
1506609,3.123769,
2012579,4.003488,
4079718,3.734982000000001,
1504141,2.502708,
7219807,2.45012,
2202637,2.599201,
4020783,3.495185,
2226093,2.166124,
4120860,2.412947,
7110024,3.68427,
7200246,2.603399,
7220416,2.114356,
4026085,3.165658,
2226734,2.215118,
2008546,3.842354,
1543087,2.18447,
1502754,2.355487,
4021153,2.385119,
4306723,3.067585,
4063526,2.862724,
4512020,1.968897,
7208851,3.84269,
2015613,2.881214,
7224783,2.52698,
2209316,2.334762,
4078001,2.627699,
2219226,4.490312,
2234129,2.033451,
1517227,2.691897,
2005344,4.423851,
4512403,3.2374590000000003,
4028653,4.31829,
2104593,4.006321,
2102563,5.17685,
2001682,3.032748,
4512285,0.54857,
2216829,3.240517,
4106879,3.843194,
2204886,3.25653,
7214136,2.201827,
2237472,3.731457,
4062880,2.243444,
7111596,2.780263,
4112986,3.743977000000001,
2227554,4.083213,
2238229,1.385935,
7055098,3.44083,
2008522,2.889482,
4025934,3.214396,
2016439,2.394042,
2103893,4.419642,
4029771,3.3002130000000003,
7151021,4.625367000000001,
7151234,4.088082,
2007936,2.8176710000000003,
4116143,5.227659,
1507038,3.182313,
7151806,3.2972080000000004,
4103761,3.054289,
2104160,4.70413,
1508952,3.121109,
2216420,2.228712,
7101373,1.435097,
2228277,1.782368,
2239580,2.3049690000000003,
7226243,2.142551,
4022694,2.79895,
2015926,2.491798,
1503399,2.305596,
2203832,4.418856,
7106942,5.317706,
7202259,3.02766,
2015262,5.697906,
7150785,5.077566,
2007785,2.5247610000000003,
7150485,2.632317,
4084162,2.152655,
7107840,2.5440810000000003,
2006671,4.56622,
2240128,3.097747,
2202981,3.270566,
1507604,2.829458,
1504504,3.792043,
2213838,2.069025,
4024505,2.376774,
2233180,3.7843550000000006,
4025430,2.596887,
1506662,1.8765370000000003,
2237211,2.027496,
7117699,2.677259,
2205060,2.9552850000000004,
2235160,2.995918,
2219707,3.246152,
2010700,2.016756,
1508831,2.500856,
1506207,2.411747,
1541912,2.477573,
2011685,1.755076,
7206137,1.1289509999999998,
7202384,4.012337,
4029800,3.387953,
2004706,3.762089,
2202063,3.5322000000000005,
2201584,2.327009,
2224638,4.000897,
2013103,1.889493,
4025729,2.146813,
2223237,1.972381,
4113023,3.752838,
1517073,3.470429,
4022268,3.391682,
4060565,1.966033,
7150683,1.190881,
7152166,1.887188,
1517960,2.654523,
4028043,2.658332,
7032015,4.14834,
2100233,1.996942,
2202785,1.724382,
1542590,2.370797,
1503465,2.847547,
4068834,1.897685,
4506405,2.0486250000000004,
4022504,3.435462,
7055518,2.336593,
2223553,2.303341,
7150329,1.1221610000000002,
4026464,4.067905,
2003335,0.8289490000000002,
4106339,1.882899,
4026449,2.9755960000000004,
1512301,3.758032000000001,
4001249,1.8781090000000005,
2102736,4.1299600000000005,
4322180,2.732113,
1505313,3.76117,
1504915,2.831364,
1512611,1.11827,
4028077,3.357775,
2003672,3.4930260000000004,
2007407,4.813632999999999,
4116819,4.326746,
7101063,2.800763,
4020340,4.871614,
4503821,2.977534,
2229600,2.784543,
1502270,2.5928940000000003,
2203328,3.367259,
4510938,3.723934,
7150798,3.8674,
2218926,3.557145,
7050412,3.3785549999999995,
7154862,2.934942,
2219072,3.648665,
7203219,2.69112,
2103725,2.393668,
2220650,2.594122,
1542699,4.189965,
7116323,2.8317,
1515720,2.584448,
2011801,3.09199,
4020841,2.401746,
2005835,2.898648,
1504864,2.481463,
1502049,4.324944,
8101206,4.091623,
1503824,2.446433,
2010872,2.528944,
2235314,2.859627,
1503194,2.32461,
2105584,3.537673,
2008952,3.870944,
7021006,2.552379,
4503177,6.063269,
2208597,2.026783,
2205901,3.333164,
2206003,3.785427,
7152691,2.9576640000000003,
1507841,2.768422,
4027240,3.981233,
2240542,3.900983,
4508709,3.151168,
2014105,3.638819,
2205485,4.420210000000001,
2217712,3.672368,
7153764,2.656918,
2231332,3.3730610000000003,
4085742,3.903573,
4075285,2.189994,
7111844,3.24994,
2227478,2.290183,
4029423,3.064887,
4025614,2.947989,
7209897,1.510088,
4020625,1.5405300000000002,
2018170,2.8189450000000003,
4025350,1.961194,
1505156,2.004437,
4026249,3.4768100000000004,
4505902,2.8203780000000003,
1507853,2.620494,
2104788,5.210334,
2102312,3.781034,
7151452,2.592758,
2011410,2.9839680000000004,
2233643,2.985303,
4027972,3.4469890000000003,
7105122,3.354799,
1504219,3.442991,
2009195,1.804031,
7153059,1.836647,
2105620,2.165817,
2233230,2.646481,
1503336,2.959706,
2217611,3.708773,
4068740,2.51651,
4062100,3.044802,
1508628,1.5733450000000002,
7223103,1.966349,
4075533,2.867811,
2207915,3.703429,
2011608,2.832735,
4030674,2.9318220000000004,
2207414,2.639332,
4021055,4.319908,
2208198,2.793658,
8100793,3.331288,
2004323,3.5041330000000004,
4068112,1.857441,
1520235,5.133787,
2300010,2.4113,
4102656,0.8499730000000003,
2213800,2.774389,
2223539,2.238487,
4024099,3.966633,
7210915,4.627128,
1502372,2.595389,
7101067,3.173344,
7203669,3.045786,
2230593,1.964984,
2105858,3.851189,
2219695,2.484265,
7051541,1.7170769999999995,
7204424,4.0409690000000005,
2209836,2.048145,
1543056,5.599033,
2104000,1.88024,
2236362,3.649242,
7150997,3.415137,
2219945,3.096251,
4508920,2.161383,
2006109,3.0922150000000004,
4500612,2.239624,
2236016,1.199405,
4024929,3.491639,
2223652,2.840835,
8100073,3.4726120000000003,
7207568,2.64246,
7014892,2.960197,
2200640,3.1083520000000004,
4500025,2.636467,
4508925,3.210078,
2231798,1.808443,
2211085,2.966879,
2234961,4.163536000000001,
2101281,3.75162,
2209367,2.981174,
2016318,4.993710999999999,
2310132,4.586884,
2208505,3.803604,
7223347,1.303496,
1504140,2.512198,
2015971,4.434755,
2209324,4.205604,
1508478,2.7579770000000003,
2007412,2.682605,
2015720,3.963396,
4513733,2.416632,
2207297,2.03985,
7052598,2.176665,
4510611,2.7497000000000003,
1502373,2.8081620000000003,
2225910,3.208032,
2203937,3.344302,
2010248,4.840407,
7204101,3.719448,
7214935,2.904746,
2005843,1.926083,
7054488,3.862068,
4021040,4.140476,
2239864,2.482099,
2102699,3.1083320000000003,
2239207,3.334517,
7206858,2.4849560000000004,
2204965,2.3951580000000003,
7114001,1.8526100000000003,
7101853,2.88139,
2236004,1.476896,
2226672,2.607267,
7202399,3.816868,
7209815,2.565856,
4504080,2.150094,
2211761,3.562131,
7203587,4.022043,
4024216,2.609903,
2208540,4.389837,
1518571,4.033999,
1517449,3.007564,
2103064,2.065431,
7217840,1.0845060000000002,
7152783,2.389399,
2105167,3.2934460000000003,
2205588,1.3633640000000002,
2216872,1.915492,
2240257,3.590168,
2200450,1.135279,
4503324,0.7702520000000002,
7118751,2.990813,
4114407,2.698885,
2238749,3.083514,
1507123,3.458095,
1502488,2.0347470000000003,
2003550,1.702745,
4023162,3.991634,
1506167,3.701508,
2216617,2.905764,
7053692,3.235649,
2104957,1.843882,
4109118,2.0127690000000005,
2007243,0.978463,
4342962,2.544974,
4063957,0.900865,
7050920,1.712609,
4119842,3.890445,
2008734,3.632922,
4079237,1.650337,
2224656,1.7625259999999998,
2011428,2.216661,
2236280,2.083074,
7115560,2.972942,
4021480,5.2452570000000005,
1501721,3.4417290000000005,
2216959,1.942123,
2205730,2.406698,
2241431,1.774846,
2236784,3.1834260000000003,
7111130,2.532157,
2104787,5.188398,
4116139,3.1332540000000004,
7154905,1.90186,
2211991,3.70388,
7050901,3.698521,
7212463,3.2248330000000003,
7021774,1.98936,
7154635,1.353107,
7205507,3.224006,
4508034,5.247596,
1506678,4.767525,
4513073,2.783545,
4122994,3.262208,
7118110,3.145389,
1515976,3.290115,
7224058,2.536043,
2004422,1.737818,
2005609,3.316224,
7208660,5.917873,
4510518,3.042469,
4029993,1.896381,
7150077,2.604617,
2101223,3.035877,
2226166,3.0299,
7225952,2.508061,
2204046,2.892499,
2239588,3.499386,
2014340,2.9532730000000003,
7150051,2.324818,
2200357,2.745155,
4028074,1.532382,
8102871,2.821006,
4103030,3.009086,
2212944,2.095867,
2231474,3.730214,
2238782,2.902407,
2228315,3.180425,
7100647,2.199115,
1520174,3.84732,
2004463,4.239158,
2007533,2.08317,
8101071,3.275492,
2003557,4.323033000000001,
7214495,4.446221,
2227901,2.886568,
2230441,1.900078,
1502683,3.460666,
2205749,3.2297680000000004,
4501798,2.3414330000000003,
2223173,2.683734,
7225629,3.5647200000000003,
7224885,5.692507,
2310116,3.4191860000000003,
7038855,1.732094,
2010352,4.39884,
1508847,2.242193,
2008402,6.063504,
2013022,2.4021540000000003,
2014220,2.681985,
4500159,3.163545,
2235985,2.759782,
4105346,1.661181,
1512578,1.822924,
4504097,3.454782,
2224006,3.006769,
4079379,3.825768,
2222159,2.477936,
2225432,3.670065,
7153324,2.826808,
2239111,1.718521,
7201850,3.350298,
4120972,1.618277,
7212026,4.52304,
4024966,3.80854,
2010600,3.111123,
2238097,2.966631,
2219955,2.05936,
2008147,3.106154,
2006810,3.131539,
2224644,2.002661,
2005941,5.75881,
1507555,3.849801,
7212508,3.2235820000000004,
2205833,2.801834,
7053419,2.943598,
7106863,4.853064,
2239379,2.122162,
7116789,2.257453,
7004555,2.537043,
7111132,3.456133,
2222220,1.886347,
4509153,3.214202,
2202381,3.450559,
4320422,6.511936,
2215411,4.725559,
2105861,3.837403,
7116937,1.981161,
7105442,3.168676,
2204218,2.814712,
2004200,3.229464,
2223409,3.491273,
2003916,3.161614,
2224270,2.399562,
7112615,1.543377,
2231924,2.297901,
2009697,2.852278,
2004172,3.267779,
2206427,3.432396,
7201111,3.221595,
2004536,4.206222,
7204487,1.5249370000000002,
2206262,3.818744,
2001171,1.87386,
2231810,2.9185799999999995,
4513595,4.314638,
8101177,4.720607,
7112239,2.651307,
4023034,2.763597,
2223643,3.742947,
2223238,1.544634,
4306814,2.863317,
2019679,2.939168,
2239412,3.271088,
1517658,3.413199,
2228604,3.732845,
2234358,2.7978260000000006,
4330327,2.249602,
4500223,3.072516,
2222989,2.5218750000000005,
4029277,3.050813,
7051055,2.63526,
2234385,4.464838,
7152548,2.560233,
2007737,3.723123,
2223372,2.312434,
7053848,1.516756,
1520111,1.519232,
2019666,4.81976,
2208984,2.690356,
4500602,2.741414,
2014982,3.689896,
2000835,3.60617,
7112874,2.6105590000000003,
2230428,2.999432,
1503913,5.05499,
7150070,2.067394,
2223728,2.966555,
7115421,3.3171550000000005,
2204931,1.952164,
2102190,1.505752,
4031352,3.220132,
2009439,2.753691,
2104845,3.085407,
2233013,5.129168,
2012722,3.502841,
2223446,2.275627,
2223711,3.577353,
8101438,2.93722,
1511804,8.16068,
2201043,1.18042,
2235652,2.567921,
7105057,2.848344,
4508519,2.817991,
7151313,2.975417,
2239727,2.284217,
7014148,3.889467,
2012948,5.107875999999999,
7109005,1.356512,
2005370,3.675467,
2211480,2.795797,
1508165,3.161662,
2011042,4.154416,
2209879,3.691317,
4028424,3.203688,
7221184,4.000585,
2210310,5.1950460000000005,
7110806,3.37055,
2236258,2.4253720000000003,
7052870,1.141252,
7001921,2.651779,
2008960,0.868921,
2234224,3.376048,
7223800,3.758202,
1516191,3.621868,
7208071,3.277022,
4022669,5.35195,
2008029,3.046181,
7151386,2.521717,
2100531,1.573644,
4124606,3.946811,
2101964,3.176545,
2100526,1.970641,
7221832,5.813882,
7201910,3.811659,
2232068,3.383161,
7105757,3.1115640000000004,
4505016,4.963939,
2010427,3.708726,
2217577,1.972947,
4503461,1.829143,
1513237,2.382925,
2222546,3.170768,
2212251,2.741325,
4027439,1.484128,
4026133,2.832062,
1507385,2.866282,
4111076,3.389937,
2207578,3.047739,
2240781,1.80664,
7221733,1.307426,
2232851,3.742537,
2212246,2.3946,
7204068,0.0,
4082105,2.648127,
2013975,2.560121,
4114263,2.925367,
7110055,2.89578,
2240826,2.036437,
2014954,3.53384,
2000234,3.287374,
8100163,3.289044,
2017257,2.581594,
1504055,3.902276,
2221083,2.796301,
7217038,2.692505,
2203677,2.6029,
2231700,1.913287,
2100238,5.205819,
2235800,2.524538,
4085522,2.745809,
4112466,1.475712,
2015764,1.6807419999999995,
2228822,2.938421,
1540572,2.226988,
4001250,2.063324,
1519873,2.392599,
2224783,1.6211900000000004,
2203712,2.114927,
2015426,3.500565,
2310119,3.438191,
2200636,2.0459940000000003,
2206308,2.801045,
2210674,2.406853,
7104922,3.022853,
4068607,3.512723,
2220474,2.863903,
2211848,3.052541,
2200593,2.816992,
4118521,3.4384030000000005,
2013199,2.674019,
1503724,2.440917,
2219014,3.29009,
1516070,2.192172,
2214624,1.744343,
4510908,3.2166239999999995,
2019331,3.977526,
4509151,1.3040249999999998,
2100466,3.771018,
2105651,4.458324,
2228766,2.826204,
4513121,2.0295330000000003,
4513057,3.004358,
2208224,2.997797,
2230384,2.691981,
7203999,2.533184,
4503133,3.661269,
4325163,3.092566,
4027790,2.0457470000000004,
2205115,3.263955,
2011795,2.127781,
2219657,2.9980290000000003,
2105144,5.214707000000001,
4326344,3.432957,
4021367,3.684937,
2310131,4.587947000000001,
2222020,2.238407,
1508741,2.986624,
7115860,3.812455,
2203912,3.249328,
2232512,2.721844,
4511078,1.425524,
7054252,3.382691,
2233481,4.121131,
2232896,2.725409,
2002010,5.145139,
2300264,4.2546550000000005,
2009214,3.874038,
7051056,2.65737,
1514649,3.23942,
2216756,2.063562,
7104491,2.550517,
2206178,2.212877,
2215649,2.4684630000000003,
4333792,3.156143,
7153242,3.206008,
2230319,2.206065,
8101583,3.653521,
2207717,2.110346,
7117549,1.1760199999999998,
2232979,2.45442,
2007553,3.600989,
4023250,6.447872,
2205237,2.29955,
4032017,2.0282050000000003,
4101589,3.518866,
7115413,3.229204,
2218519,4.266318999999999,
2227759,2.9060630000000005,
2000642,2.500068,
2217617,5.630098,
2230366,2.021218,
1505469,2.139451,
7207296,2.319859,
1519242,3.459762,
4113541,3.537263,
7051804,3.261445,
4512779,3.803473,
2202930,1.77595,
2015760,2.189202,
2220162,3.778314,
7215817,1.457496,
2203924,3.584077,
2241237,3.5890249999999995,
7112228,3.230249,
2004215,2.971525,
4109277,2.662431,
2204617,2.5578450000000004,
2238049,2.808266,
1514872,1.93981,
4319796,3.340382,
4000000,2.252952,
2209004,1.881585,
2200211,1.387161,
7050546,3.087861,
4512632,3.984812,
2218498,3.1386930000000004,
2236620,3.903506,
2232700,1.69949,
2237442,1.557153,
7202526,5.616992999999999,
7217234,2.312262,
2015162,2.15813,
2216791,2.138093,
2229462,2.153776,
2103331,3.975575000000001,
2001982,3.686726,
7150505,3.163288,
7153623,2.832475,
7207596,2.85564,
2209835,2.533094,
2016097,3.064715,
1504377,3.634981,
4104297,2.723046,
2206310,3.022799,
1507608,4.083563,
2003417,2.474452,
2012055,2.624876,
1518526,2.626664,
1507510,3.311382,
2015362,4.161132,
2219764,2.785231,
7214119,2.688778,
1515152,3.6791,
2107485,1.930624,
2012054,2.635556,
1519904,4.591586,
2238059,2.924498,
7101371,1.576036,
4504292,2.031959,
2101150,2.9818580000000003,
2006359,3.121765,
2236583,3.2388259999999995,
7025467,2.077854,
7100474,2.8622750000000003,
2005944,3.860196,
2228417,2.73846,
4028823,3.574473,
4029763,4.406231,
7114854,4.4209190000000005,
2226640,3.528996,
2105857,3.94285,
2238612,2.451738,
7051843,3.352602,
2236444,5.218754000000001,
2209420,2.265599,
2229158,1.858261,
7216305,3.161846,
2236611,2.944728,
7223873,1.40572,
2004639,4.415136,
2202034,3.364311,
4513118,1.981393,
1503872,2.661211,
7153557,2.7067300000000003,
2012156,1.994533,
2235386,4.009947,
2230551,2.883982,
7201463,1.781508,
2209238,5.549683,
2003692,2.618382,
1543036,3.057317,
1502048,1.0496100000000002,
7020686,4.336303,
2216875,1.985809,
2213101,2.258992,
8102477,4.064921,
4501800,2.3122130000000003,
4503931,3.790831,
2019318,1.413822,
2239440,1.7192759999999998,
2241778,2.507555,
2226942,2.361915,
2001127,4.525364,
7151143,4.120335,
1502277,1.732232,
2007278,4.030568000000001,
2235561,2.924956,
2014221,2.6101,
2003784,3.351154,
1101070,4.784429,
2223164,1.867216,
1508815,3.945713,
1515159,3.141396,
7114415,3.463161,
4302584,4.128125,
1519992,3.460164,
1513095,1.813135,
2200417,1.521018,
3500026,4.318952,
1504671,3.935836,
2220867,2.776094,
4030973,2.302813,
2018600,3.111853,
4029844,2.299347,
7152705,3.0002340000000003,
1506837,2.951373,
4324443,3.589551,
2206688,3.316491,
2011720,3.820543,
4029087,3.071033,
1542442,2.893485,
2211072,3.06162,
4110318,0.80001,
2018981,3.298272,
7050545,2.555975,
8102146,3.228108,
7154572,2.950670000000001,
2216564,3.748007,
7209082,1.65998,
2209215,2.892418,
2221958,2.727015,
4024674,2.547861,
2008620,3.971234,
1513590,2.5137110000000003,
2217441,2.533194,
4302585,4.022461,
7218458,4.206367,
2201155,2.354271,
2234005,2.11714,
7216705,2.973847,
2019408,2.943488,
2231066,1.935038,
8102742,2.761785,
8101562,3.385205,
2005126,4.62707,
7214271,3.399213,
7202358,5.383489,
2202164,2.259523,
7220942,2.775963,
7004746,2.6314,
2200629,3.545548,
1543055,5.428917,
2004696,2.81003,
7221572,2.521293,
2208860,2.4528800000000004,
2011045,1.966412,
2211679,1.3961799999999998,
2231826,2.502475,
2104836,3.139657,
2212187,3.653713,
2239694,3.708051,
2012686,2.971742,
4500618,3.662244,
4504842,3.033152,
7226053,1.103278,
1512631,2.833797,
1503522,1.799378,
4504360,2.534901,
2205534,2.814225,
2212141,3.478235,
4021537,3.977308,
7113821,3.684805,
7117261,3.255791,
7221737,1.223976,
2202231,2.275863,
2300270,2.293727,
2014434,3.455719,
1501740,2.132675,
7203889,3.04099,
2017399,2.628694,
2014935,4.284028,
7054605,2.272915,
1505895,4.549874,
2221032,1.324442,
4121487,2.229298,
7014687,1.6150270000000002,
2238083,1.867822,
7108873,2.584708,
2015152,2.806027,
2205171,4.591518000000001,
7206389,1.368652,
4125172,2.552064,
4061313,2.212739,
4028145,1.812943,
2017121,1.0973739999999998,
2205669,2.680948,
2200232,3.668471,
2221544,3.194894,
2215796,3.274473,
2218489,2.675339,
2206071,3.521965,
4303117,2.5264550000000003,
2310120,3.4382460000000004,
7214493,4.261812000000001,
2005688,2.408063,
7101370,1.5327480000000002,
2222388,3.948492,
2016736,4.691575,
7055492,1.872408,
7205589,2.618287,
7150473,3.357155,
2017339,2.092398,
2241401,3.868823,
2205682,3.10136,
4100805,5.008719,
7154510,3.043234,
4025732,2.545945,
2015773,3.373165,
7102997,2.458677,
2237829,2.831018,
4513124,1.846453,
2226190,4.033087,
2014136,2.863485,
2211494,2.450495,
2239126,2.951439,
2229556,2.8289670000000005,
2300571,2.6025620000000003,
7053129,4.306064,
7116706,2.595078,
4118636,3.238603,
7050969,2.715679,
2202470,3.538826,
2017669,2.60942,
7150709,2.982588,
2101415,3.007778,
2238146,2.796091,
2105570,3.991403,
7154277,4.156299,
4512049,0.106256,
4121712,2.054275,
4029983,4.782327,
7213060,2.629165,
2215298,3.900477,
7214415,3.433356,
1516480,3.829271,
2000235,2.5903149999999995,
4328399,2.476653,
2228155,2.557113,
2232810,3.706682,
4500630,3.773459,
7050808,4.435232,
7109551,4.366823,
2203406,2.330537,
4022759,2.663453,
2224771,2.3360410000000003,
2000577,4.421401,
4509235,2.113208,
2234122,2.9166170000000005,
2005331,3.867769,
7206248,2.508059,
4513104,1.173937,
4117759,2.214704,
2004276,4.183089,
2231678,1.780672,
8100536,4.525912,
4029511,3.761799,
7153075,1.178832,
7151266,4.151166,
2103607,1.531854,
1508840,4.7182710000000005,
2007205,3.419719,
2100713,2.3664700000000005,
2012380,5.139673,
4318458,3.363076,
2236492,3.621041,
2201559,2.214035,
2001877,2.778514,
7208263,2.476888,
7200292,3.190467,
2006291,4.168348,
2206550,4.498106,
7204663,2.369897,
2201412,2.515305,
1514702,4.012168,
2225470,3.347998,
7053501,2.047721,
2240785,3.739204,
2238508,3.585505,
2103719,1.6875840000000002,
4101610,3.359497,
1504584,4.03221,
2206817,2.659378,
2004083,3.703069,
4084211,1.047653,
1516063,3.56949,
2234968,3.844738,
2218335,2.661954,
2211429,2.788532,
7107100,2.627017,
1501690,5.542849,
4112779,2.704204,
4508693,1.5481470000000002,
1513776,3.738261000000001,
4024197,3.548122,
7215819,0.3988770000000001,
2221139,4.013678,
2237469,2.639219,
2236511,2.042196,
8102688,3.225353,
7117097,3.1999370000000003,
2226787,1.937181,
7215750,3.530123,
7105904,2.94925,
2211419,2.587639,
2002021,3.022591,
4026484,1.945907,
2215003,4.574654,
2237828,1.6825659999999998,
2000438,1.972488,
1516637,1.830234,
2217520,3.5579090000000004,
4068196,2.673198,
2225611,2.780853,
2222626,1.559532,
7054479,2.323826,
2240928,3.680933,
7103655,3.011406,
4085945,3.598014,
2217142,2.180965,
2215015,3.627493,
4124605,3.425071,
4022452,2.228744,
4504358,2.886933,
4027151,3.049761,
4023683,1.608313,
2008367,3.07711,
4104562,2.207773,
7207272,2.468847,
2204833,3.161925,
2219971,2.610574,
7034888,2.978743,
2017945,4.483468,
2006713,2.329545,
2214697,2.436364,
2017956,1.82457,
4068707,2.403874,
7150957,3.611529,
4342184,1.4319749999999998,
4513411,3.150039,
2210521,2.361967,
4512518,6.996581,
2019205,1.80527,
2211201,3.213686,
7052298,2.0641990000000003,
2015925,2.5272300000000003,
4026895,2.907648,
2203510,1.466973,
2237894,2.666504,
2241713,2.176211,
7214947,2.942559,
2008156,2.892557,
1504287,4.934285999999999,
7204294,1.790553,
2225174,2.716683,
4102679,2.961558,
4124381,2.7559430000000003,
2216596,2.877635,
4115811,4.423446,
2229738,2.973727,
2014888,2.510492,
7152590,3.577321,
2229434,2.706538,
2224057,2.0763800000000003,
1501795,2.20465,
7205614,4.183805,
2237918,2.215748,
2227559,3.003847,
7051323,2.800879,
2213856,3.830257,
2210917,2.4102630000000005,
2016044,2.214521,
7203102,4.785888000000001,
2104099,2.079087,
2228646,3.100848,
2017584,2.997411,
4114387,3.512902,
2231432,3.021609,
2220766,2.9207400000000003,
2219388,5.956648,
2220316,2.504649,
4511846,2.172675,
7054484,2.217754,
4105884,3.090249,
2233405,3.301375,
2006094,2.93964,
4023724,3.5774280000000003,
7216907,4.571458,
7103928,3.146883,
2211269,4.7152460000000005,
4023092,4.462763000000001,
2234374,3.877438,
7201670,3.194408,
4104461,3.722024,
7100391,3.491658,
4064844,2.396124,
2222811,1.476368,
2239456,2.6415800000000003,
7207483,3.701956000000001,
2017172,2.144185,
7154997,2.439215,
8101286,3.46423,
2218285,3.250429,
4002036,3.10544,
2227929,2.199541,
2011650,3.2127919999999994,
1503350,3.499722,
2205334,0.8612040000000001,
7206205,5.381778000000001,
2234940,2.880034,
7203572,2.658263,
2014884,5.906196,
4066514,2.591066,
4103439,5.0946750000000005,
1516687,1.2482459999999995,
2101222,2.917541,
2221595,3.241614,
2019992,2.077059,
4062865,3.394739,
2226850,3.3971660000000004,
4023761,5.745476,
1505003,2.574895,
2004199,2.964171,
7103100,1.887127,
1502791,3.327191,
1508858,2.366558,
2016007,2.057735,
2014906,1.6062739999999998,
7051697,2.448667,
4116824,3.92076,
2204656,2.193556,
4501138,3.594392,
4508405,3.708526,
4503131,3.817085,
4123291,3.400346,
2227870,3.017794,
7115713,2.752798,
4112245,2.903595,
7154894,4.21531,
2010821,2.598423,
2216543,2.405502,
2217607,3.936485,
2229707,3.190625,
7115925,3.3072000000000004,
2239316,2.096846,
2228037,3.032656,
2232519,2.231019,
2239841,3.854288,
2200850,3.655121,
7010563,2.866315,
2204491,3.410981,
2011194,1.713725,
7200207,3.931422,
7204028,1.635443,
4122131,4.162261,
4067989,4.2113320000000005,
7150030,3.545399,
2226330,2.535682,
7207134,3.304691,
2201354,3.848638,
7117262,3.296244,
2015450,3.318682,
2220894,3.407054,
2105119,4.509145999999999,
1504307,3.1152740000000003,
7214435,3.572394,
7116452,3.093377,
4021061,3.65816,
4113025,3.221578,
7151393,2.544316,
1504360,2.651776,
7219109,5.233844,
4502718,2.360793,
2209764,3.896144000000001,
2205637,2.672207,
4024150,3.191801,
2223126,2.271249,
1501841,2.504891,
2007472,3.769416,
7224792,3.336993,
2105704,2.676826,
7153925,3.057077,
1542669,2.816508,
1514286,2.757896,
2103306,2.027337,
2218377,4.947742,
4100491,3.084628,
4101879,3.110148,
7225141,3.1429979999999995,
7204771,2.9704460000000004,
2217310,3.475582,
7024567,3.675526,
2235223,2.624611,
2100154,3.70908,
7211798,3.710464,
7102533,2.957145,
2236368,1.901217,
4500003,3.1178760000000003,
2015644,3.1531870000000004,
2238498,3.292424,
2201690,3.603444,
4026376,2.757472,
1512351,1.10756,
4024389,1.710067,
2019319,2.068107,
2216223,3.963829,
7022129,1.885809,
2238503,2.308597,
7006158,2.500518,
7215662,4.772486000000001,
7150597,1.606751,
2100150,3.720533,
7202217,2.82293,
2221375,3.926184,
4029044,3.334313,
2232244,2.7387140000000003,
7109913,1.5315879999999995,
2207389,2.410602,
7054826,4.314101,
7211936,2.549469,
7151444,4.494907,
2204045,3.442819,
4110047,3.205326,
7050549,2.799174,
1513692,0.995281,
1503796,2.686947,
2223142,2.313503,
7221814,2.123752,
7154836,2.352525,
2227520,2.801885,
2223376,2.592966,
2227300,3.094554,
2222940,2.18669,
1506579,2.35583,
7108191,3.006396,
2207080,3.788775,
4025161,2.838057,
4001234,2.661746,
2102206,3.248354,
7154955,2.88128,
7114664,2.978228,
2010614,1.525445,
7205082,1.664625,
2013370,1.4734820000000002,
2229425,2.547877,
2204136,3.593429,
4507245,3.410971,
2103490,2.903683,
1543171,2.564049,
4026890,3.031051,
4110331,3.441669,
2206137,3.3301240000000005,
2005499,3.231959,
2014390,2.532518,
2009304,2.905035,
7151580,2.187764,
4308680,2.948027,
1504538,3.188094,
7219624,4.375901,
7221569,3.323393,
2215233,2.293848,
2006628,2.909981,
2238151,4.672781,
4314482,3.219447,
2000861,4.497293,
2103494,2.920566,
2238557,2.207965,
2229834,2.9705700000000004,
1100650,3.836157,
2202274,2.022888,
7206702,3.512941,
7206387,1.13983,
1505656,1.455973,
7215530,2.927242,
7209110,1.836581,
2231275,3.675917,
2241067,3.212136,
7103797,2.653236,
2016294,2.487156,
2201140,4.366245,
2218128,2.42056,
2013323,4.015074,
4106753,3.167207,
7204304,3.182467,
2003359,3.527486,
1513051,2.272016,
2237437,4.242022,
7201646,2.8727850000000004,
4031809,3.036515,
2005044,3.745624,
2237623,2.471552,
7036242,2.4439519999999995,
2223795,2.577322,
2004712,2.722448,
2203915,1.968473,
2238298,3.770411,
2237415,3.672565,
7105556,3.546966,
4511396,3.754205,
2016796,4.348855,
2214025,3.069901,
2007797,2.573906,
7052781,2.884243,
7109250,0.8999079999999999,
2015612,2.332781,
7203686,2.309199,
2225798,3.009036,
2101151,2.9937000000000005,
7115670,4.769029,
2208940,2.740661,
2219785,1.657151,
1517454,3.340239,
4027760,2.600061,
7202135,2.537134,
2238593,1.966761,
8103374,2.7461100000000003,
2236062,2.274231,
7150390,1.764447,
7052663,5.509475,
2005130,4.443722,
2231276,3.275918,
2240652,4.131796,
1507672,4.056568,
2203869,2.908483,
1503677,2.340009,
4119978,2.124291,
2200028,1.946203,
7051368,3.132873,
4503804,1.981343,
4112041,3.377905,
2228596,4.74959,
2007503,2.196355,
4061884,2.423623,
2105228,3.196225,
2101492,3.027247,
2008635,1.841078,
2224033,3.636089,
2217086,3.046941,
2212596,2.996742,
2238115,2.137893,
2228798,2.6073630000000003,
2240870,2.566257,
7012825,1.332407,
2205056,3.392313,
1508743,5.370182,
7022220,2.227951,
4325710,3.755724,
2208498,3.279814,
7115492,2.083746,
2214284,1.038495,
2012515,2.984296,
2229120,3.591745,
4505226,2.430556,
7223717,2.533374,
7116636,1.6503260000000002,
2204620,2.170922,
2219511,3.510246,
2008964,4.825583,
1504148,2.77552,
2105702,2.684765,
2236888,3.220533,
4112838,2.866983,
7200294,3.007068,
2233532,3.697285,
2227150,1.714679,
2225878,3.85654,
4513955,3.809881,
4026368,3.406863,
2237737,3.165058,
7202701,3.417548,
2220680,2.123041,
1515315,3.485234,
7209624,1.124375,
1505552,2.443184,
7210949,4.573337,
2012653,2.735008,
2205591,2.716814,
4072453,2.634032,
2241158,2.025418,
2235724,2.39869,
2205560,1.874733,
2236670,1.5761420000000002,
2240892,2.465835,
2103304,1.999771,
4503458,1.511887,
2012002,3.656506,
2007083,3.05512,
2238806,4.135234,
2004206,4.018463000000001,
2208951,3.474716,
2007133,3.005624,
2003519,4.475653,
7215770,3.842088,
1540483,4.272837,
4118276,2.590758,
1100535,4.016037,
2226976,3.048353,
4507232,3.75071,
2004431,2.140685,
2225626,3.105719,
4303062,2.002686,
7005663,2.766434,
2219963,2.554878,
4021065,2.092116,
1100679,3.286818,
2231235,3.254544,
2013732,1.639945,
4109867,2.244871,
7202387,3.577297,
1543528,5.033917000000001,
7153810,2.156023,
1517492,4.305071000000001,
2205132,4.383258,
2200310,1.509451,
7152868,4.995724,
2224883,1.82901,
7214492,4.281818,
7218759,1.704604,
1503707,2.688916,
2220142,4.747436,
2240129,2.53998,
2011547,4.125269,
7151704,2.493155,
2103308,5.051883999999999,
2008098,3.469115,
8102077,4.455552,
4111026,2.99151,
7206516,3.952738,
2007458,3.2734430000000003,
1519556,3.756582,
2225458,2.705696,
2230044,4.508971,
7220945,2.683413,
1518440,5.729301,
2233326,2.950342,
7206360,3.749893,
2203116,2.354592,
2234967,2.1951970000000003,
4510367,3.971259,
2225377,1.997849,
2217072,1.08961,
2233607,2.078982,
4331966,0.4769490000000003,
1506338,2.551432,
2237546,2.401134,
2105329,4.884545,
7150715,4.242544,
1502517,2.225728,
2300394,4.19178,
2215202,3.543878,
2211347,3.39659,
2103330,3.912055,
1516479,3.740759,
2017083,3.429931,
2211789,2.284523,
4123385,4.803714,
7054633,0.509167,
1511909,3.07405,
7220057,2.3232219999999995,
2009451,2.911226,
4506193,3.659744,
7216125,1.076893,
2205927,3.62088,
7106792,4.937139,
7052360,2.457439,
4074362,3.572623,
4066216,2.941489,
2216796,2.355466,
4506228,1.452543,
7006433,4.424934,
2241305,1.621906,
2203643,3.070089,
2202363,3.728635,
4109507,3.958823,
7152132,4.231192,
2012931,2.098325,
4030063,2.810481,
2000528,3.917719,
7054647,3.238268,
1505192,1.5281539999999998,
4103602,2.249024,
7210153,2.584754,
4117189,3.28892,
7050604,2.865073,
8102587,4.5801750000000006,
2238338,2.506381,
2233413,1.870814,
7103924,2.905131,
4027261,3.862225,
2018802,2.873667,
2202957,5.476955,
2008349,2.952731,
4117111,1.730957,
2241558,3.332362,
2018323,3.378705,
2214023,3.1603450000000004,
2013065,3.743142,
2236242,2.614166,
7210947,5.269017,
2222486,3.685277,
2201387,2.249888,
2239512,3.771222,
7109249,0.893653,
4109581,2.662947,
2234322,2.360916,
4116108,1.7800870000000002,
4109830,2.738293,
4031750,1.488518,
7217220,3.982406,
2200094,5.378122,
2220628,3.625614,
1517120,2.221998,
4338590,3.53296,
1512032,3.047361,
4501074,2.162542,
1506523,1.2054779999999998,
2215588,3.190487,
2226130,2.7183200000000003,
7050873,2.499915,
2233898,3.862096,
2107958,3.424088,
1506669,3.494228,
2239370,2.318074,
7212177,3.143531,
4031559,2.853142,
2227703,1.998166,
2226451,2.58387,
4072736,0.735622,
2208172,2.632698,
2018248,3.042653,
2004042,3.316907,
2237516,3.713803,
2230469,3.203813,
2014369,4.644483,
2205814,2.353742,
2007166,2.3869,
7207562,3.470433,
2230643,2.173102,
2206203,4.375889,
2200857,4.517987,
2201099,2.470111,
7117637,2.8565090000000004,
7151141,3.912677,
7219806,2.438602,
7115388,3.765739,
2233803,2.454247,
2006298,2.93771,
4110366,3.965872,
2009862,3.081247,
1518444,6.2272050000000005,
4504641,3.5259270000000003,
1516612,2.005056,
2001308,3.324603,
4509056,2.3647560000000003,
2105596,3.011047,
1504350,5.350059,
7055515,2.444206,
7001849,3.023158,
7212090,3.324998,
2211052,2.90218,
2008282,2.304817,
4507465,2.9735560000000003,
4509411,0.4147259999999999,
4506457,2.090157,
2200704,2.41425,
2102528,2.4878469999999995,
2209614,2.590618,
4105419,2.9687710000000003,
1540520,2.778359,
2226154,1.712654,
7223416,2.965462,
4108456,4.236407,
4001223,1.449265,
2100681,1.839524,
1515317,3.545334,
7153421,3.106062,
4513116,2.558156,
2200972,4.3420950000000005,
2223267,3.267981,
2007839,2.69386,
2014315,2.491731,
2210687,2.768532,
2215397,3.738987,
2212994,2.543223,
1511896,3.565253,
2211163,2.7722740000000003,
1520255,3.762339,
4075913,3.3206,
2228938,2.4713709999999995,
7225509,2.767117,
1505965,2.546916,
2012320,2.994822,
4112235,4.404592,
1513554,4.035729,
2100667,4.703429,
4083180,2.477575,
1542936,2.355894,
7214269,3.400108,
2233304,3.350718,
2003694,3.790418,
1514208,2.417207,
4117389,2.492586,
7204114,3.109148,
4335419,1.87069,
4507100,3.414232,
2201185,3.354766,
2015485,1.252768,
7035974,3.651854,
2240922,3.466607,
2239854,3.666795,
7107992,2.5748990000000003,
7055493,3.206284,
7153363,3.075844,
2235763,4.526266,
2228313,3.078576,
1512984,4.19825,
4074270,3.119558,
1543228,2.5573180000000004,
7222171,2.84882,
2235581,4.151504,
7213136,4.449815,
2227897,1.536338,
7002354,1.901524,
2218959,4.467134,
2226308,2.9890160000000003,
1506409,1.916756,
4026049,3.259957,
7204617,1.220789,
7225299,1.7240259999999998,
2227888,3.1672330000000004,
4105491,2.890218,
2238859,2.704179,
7212222,3.4688930000000004,
2102187,1.439056,
7218768,3.187233,
2003629,2.025942,
7207509,0.603235,
4117897,4.251883,
2004300,3.702286,
4105071,3.3558540000000003,
2237224,2.865276,
2236723,2.882703,
8000017,1.1785990000000002,
7113691,3.526148,
2100169,4.329844,
2012703,2.349015,
2234061,2.42397,
7218133,5.144089999999999,
2215012,1.80664,
2225847,2.9654930000000004,
2310130,4.579606,
4022088,3.440343,
7207111,2.996865,
7110407,2.496344,
2211791,3.33959,
2238543,2.234239,
2000072,2.832735,
7218806,2.434575,
4031060,4.0574580000000005,
7206136,2.117243,
4124271,2.801273,
2225118,1.916178,
2200559,1.538834,
4513804,2.9479240000000004,
7221815,1.853648,
2013805,2.095322,
7114640,3.104633,
4027613,4.064807,
2210970,2.709024,
2215056,2.077426,
2008710,3.210373,
2018032,3.652831,
2104169,5.158362,
4023987,1.45929,
4504977,1.398517,
2240621,2.263712,
4027778,3.567049,
2232138,3.470876,
4505260,2.07631,
7219753,1.718218,
1505035,1.5640390000000002,
2240688,3.0039480000000003,
2240091,2.200567,
1505734,1.7432730000000003,
2203161,3.153951,
4029122,2.059498,
2210011,3.897491,
4117387,4.097004,
4029970,2.5154120000000004,
7104280,1.896349,
4501868,3.867184,
2231597,2.504433,
